Workbook

Sheet 2025년
B2: 2025년도 | D2: 6월 | E2: 7월 | F2: 8월 | G2: 9월 | H2: 10월 | I2: 11월 | J2: 12월 | K2: 합계 | L2: 월평균
B3: 출고건수 | C3: OPS | D3: ='6월'!T34 -> 256567 | E3: ='7월'!U35 -> 106633 | F3: ='8월'!Q35 -> 113192 | G3: ='9월'!S34 -> 415484 | H3: ='10월'!Q36 -> 95914 | I3: ='11월'!BJ36 -> 355106 | J3: ='12월'!BJ37 -> 277268 | K3: =SUM(D3:J3) -> 1620164 | L3: =K3/7 -> 231452
C4: 풀필 | D4: ='6월'!X34 -> 93535 | E4: ='7월'!Y35 -> 59743 | F4: ='8월'!U35 -> 54057 | G4: ='9월'!W34 -> 91925 | H4: ='10월'!U36 -> 50947 | I4: ='11월'!BO36 -> 122307 | J4: ='12월'!BN37+'12월'!BR37 -> 92081 | K4: =SUM(D4:J4) -> 564595 | L4: =K4/7 -> 80656.429

Sheet 6월
A1: 일자 | B1: 요일 | C1: 운영 근무자 | N1: 운영 근무자 잔업 | T1: OPS 출하건수 | X1: WMS 작업건수 | AB1: B2B | AC1: WMG | AG1: 비고
C2: 정직원 | J2: 협력사원 | M2: 단기충원사유
C3: 센터장 및 지원 | D3: 입고 | E3: QFC | F3: OPS | G3: 예외 | H3: 드라이버 | I3: 합계 | J3: 장기협력사원 | K3: 단기협력사원 | L3: 합계 | N3: OPS, QFC | O3: 에러,입고,픽업 | P3: 장기협력사원 | Q3: 단기협력사원 | R3: 잔업시간(분) | S3: 잔업사유 | T3: KR-All | U3: KRKR | V3: KR-Oversea | W3: KRJP | X3: KR-All | Y3: KRKR | Z3: KR-Oversea | AA3: KRJP | AB3: 출고 건수 | AC3: 입고건수 | AD3: 출고건수 | AE3: 반송 | AF3: 미출고
A4: 45809 | B4: 일 | C4: 3 | D4: 2 | E4: 7 | F4: 4 | G4: 2 | H4: 2 | I4: =C4+D4+E4+F4+G4+H4 -> 20 | J4: 7 | K4: 1 | L4: =J4+K4 -> 8 | M4: OPS출고 | P4: 0 | Q4: 0 | R4: 0 | T4: =U4+V4+W4 -> 4484 | U4: 0 | V4: 3 | W4: 4481 | X4: =Y4+Z4+AA4 -> 4182 | Y4: 0 | Z4: 0 | AA4: 4182 | AB4: 0 | AC4: 0 | AD4: 0 | AE4: 0 | AF4: =AC4-AD4-AE4 -> 0
A5: 45810 | B5: 월 | C5: 3 | D5: 2 | E5: 7 | F5: 4 | G5: 2 | H5: 2 | I5: =C5+D5+E5+F5+G5+H5 -> 20 | J5: 7 | K5: 40.5 | L5: =J5+K5 -> 47.5 | M5: 메가와리 출고 | N5: 20 | P5: 7 | Q5: 15 | R5: 180 | S5: 메가와리출고 | T5: =U5+V5+W5 -> 18464 | U5: 0 | V5: 10 | W5: 18454 | X5: =Y5+Z5+AA5 -> 8508 | Y5: 2346 | Z5: 48 | AA5: 6114 | AB5: 56 | AC5: 0 | AD5: 0 | AE5: 0 | AF5: =AF4+AC5-AD5-AE5 -> 0
A6: 45811 | B6: 화 | C6: 3 | D6: 2 | E6: 7 | F6: 4 | G6: 2 | H6: 2 | I6: =C6+D6+E6+F6+G6+H6 -> 20 | J6: 7 | K6: 21 | L6: =J6+K6 -> 28 | M6: 메가와리 출고 | P6: 0 | Q6: 0 | R6: 0 | T6: =U6+V6+W6 -> 8346 | U6: 0 | V6: 0 | W6: 8346 | X6: =Y6+Z6+AA6 -> 4039 | Y6: 0 | Z6: 0 | AA6: 4039 | AB6: 0 | AC6: 0 | AD6: 0 | AE6: 0 | AF6: =AF5+AC6-AD6-AE6 -> 0
A7: 45812 | B7: 수 | C7: 3 | D7: 2 | E7: 7 | F7: 5 | G7: 2 | H7: 2 | I7: =C7+D7+E7+F7+G7+H7 -> 21 | J7: 7 | K7: 43 | L7: =J7+K7 -> 50 | M7: 메가와리 출고 | N7: 21 | P7: 7 | Q7: 38 | R7: 180 | S7: 메가와리출고 | T7: =U7+V7+W7 -> 28227 | U7: 0 | V7: 22 | W7: 28205 | X7: =Y7+Z7+AA7 -> 7787 | Y7: 1657 | Z7: 47 | AA7: 6083 | AB7: 2 | AC7: 0 | AD7: 0 | AE7: 0 | AF7: =AF6+AC7-AD7-AE7 -> 0
A8: 45813 | B8: 목 | C8: 3 | D8: 2 | E8: 7 | F8: 5 | G8: 2 | H8: 2 | I8: =C8+D8+E8+F8+G8+H8 -> 21 | J8: 7 | K8: 44.5 | L8: =J8+K8 -> 51.5 | M8: 메가와리 출고 | N8: 21 | P8: 7 | Q8: 38 | R8: 180 | S8: 메가와리출고 | T8: =U8+V8+W8 -> 30920 | U8: 0 | V8: 66 | W8: 30854 | X8: =Y8+Z8+AA8 -> 6902 | Y8: 976 | Z8: 11 | AA8: 5915 | AB8: 13 | AC8: 0 | AD8: 0 | AE8: 0 | AF8: =AF7+AC8-AD8-AE8 -> 0
A9: 45814 | B9: 금 | C9: 3 | D9: 2 | E9: 7 | F9: 4 | G9: 2 | H9: 1 | I9: =C9+D9+E9+F9+G9+H9 -> 19 | J9: 7 | K9: 33 | L9: =J9+K9 -> 40 | M9: 메가와리 출고 | N9: 0 | P9: 0 | Q9: 0 | R9: 0 | T9: =U9+V9+W9 -> 8461 | U9: 0 | V9: 46 | W9: 8415 | X9: =Y9+Z9+AA9 -> 3752 | Y9: 0 | Z9: 0 | AA9: 3752 | AB9: 0 | AC9: 0 | AD9: 0 | AE9: 0 | AF9: =AF8+AC9-AD9-AE9 -> 0
A10: 45815 | B10: 토 | C10: 3 | D10: 2 | E10: 7 | F10: 4 | G10: 2 | H10: 2 | I10: =C10+D10+E10+F10+G10+H10 -> 20 | J10: 6.5 | K10: 1 | L10: =J10+K10 -> 7.5 | M10: OPS출고 | N10: 0 | P10: 0 | Q10: 0 | R10: 0 | T10: =U10+V10+W10 -> 6145 | U10: 0 | V10: 41 | W10: 6104 | X10: =Y10+Z10+AA10 -> 1664 | Y10: 0 | Z10: 1 | AA10: 1663 | AB10: 0 | AC10: 0 | AD10: 0 | AE10: 0 | AF10: =AF9+AC10-AD10-AE10 -> 0
A11: 45816 | B11: 일 | C11: 3 | D11: 2 | E11: 7 | F11: 4 | G11: 2 | H11: 2 | I11: =C11+D11+E11+F11+G11+H11 -> 20 | J11: 5 | K11: 1 | L11: =J11+K11 -> 6 | M11: OPS출고 | N11: 0 | P11: 0 | Q11: 0 | R11: 0 | T11: =U11+V11+W11 -> 3290 | U11: 0 | V11: 0 | W11: 3290 | X11: =Y11+Z11+AA11 -> 1407 | Y11: 0 | Z11: 0 | AA11: 1407 | AB11: 0 | AC11: 0 | AD11: 0 | AE11: 0 | AF11: =AF10+AC11-AD11-AE11 -> 0
A12: 45817 | B12: 월 | C12: 3 | D12: 2 | E12: 7 | F12: 4 | G12: 2 | H12: 2 | I12: =C12+D12+E12+F12+G12+H12 -> 20 | J12: 7 | K12: 23 | L12: =J12+K12 -> 30 | M12: 메가와리 출고 | N12: 20 | P12: 6 | Q12: 23 | R12: 180 | S12: 메가와리출고 | T12: =U12+V12+W12 -> 15305 | U12: 0 | V12: 161 | W12: 15144 | X12: =Y12+Z12+AA12 -> 8479 | Y12: 2868 | Z12: 199 | AA12: 5412 | AB12: 3 | AC12: 0 | AD12: 0 | AE12: 0 | AF12: =AF11+AC12-AD12-AE12 -> 0
A13: 45818 | B13: 화 | C13: 3 | D13: 2 | E13: 7 | F13: 4 | G13: 2 | H13: 2 | I13: =C13+D13+E13+F13+G13+H13 -> 20 | J13: 7 | K13: 38 | L13: =J13+K13 -> 45 | M13: 메가와리 출고 | N13: 20 | P13: 6 | Q13: 37 | R13: 180 | S13: 메가와리출고 | T13: =U13+V13+W13 -> 31244 | U13: 0 | V13: 50 | W13: 31194 | X13: =Y13+Z13+AA13 -> 7406 | Y13: 905 | Z13: 55 | AA13: 6446 | AB13: 5 | AC13: 0 | AD13: 0 | AE13: 0 | AF13: =AF12+AC13-AD13-AE13 -> 0
A14: 45819 | B14: 수 | C14: 3 | D14: 2 | E14: 7 | F14: 4 | G14: 2 | H14: 2 | I14: =C14+D14+E14+F14+G14+H14 -> 20 | J14: 7 | K14: 36 | L14: =J14+K14 -> 43 | M14: 메가와리 출고 | N14: 0 | P14: 0 | Q14: 0 | R14: 0 | T14: =U14+V14+W14 -> 15262 | U14: 0 | V14: 78 | W14: 15184 | X14: =Y14+Z14+AA14 -> 3662 | Y14: 866 | Z14: 22 | AA14: 2774 | AB14: 0 | AC14: 0 | AD14: 0 | AE14: 0 | AF14: =AF13+AC14-AD14-AE14 -> 0
A15: 45820 | B15: 목 | C15: 3 | D15: 2 | E15: 7 | F15: 4 | G15: 2 | H15: 2 | I15: =C15+D15+E15+F15+G15+H15 -> 20 | J15: 5.5 | K15: 26 | L15: =J15+K15 -> 31.5 | M15: 메가와리 출고 | N15: 20 | P15: 4 | Q15: 24 | R15: 180 | S15: 메가와리출고 | T15: =U15+V15+W15 -> 15450 | U15: 0 | V15: 64 | W15: 15386 | X15: =Y15+Z15+AA15 -> 4842 | Y15: 1732 | Z15: 17 | AA15: 3093 | AB15: 3 | AC15: 0 | AD15: 0 | AE15: 0 | AF15: =AF14+AC15-AD15-AE15 -> 0
A16: 45821 | B16: 금 | C16: 3 | D16: 2 | E16: 7 | F16: 4 | G16: 2 | H16: 2 | I16: =C16+D16+E16+F16+G16+H16 -> 20 | J16: 7 | K16: 24 | L16: =J16+K16 -> 31 | M16: 메가와리 출고 | N16: 20 | P16: 7 | Q16: 20 | R16: 90 | S16: 메가와리출고 | T16: =U16+V16+W16 -> 15035 | U16: 0 | V16: 49 | W16: 14986 | X16: =Y16+Z16+AA16 -> 5969 | Y16: 840 | Z16: 23 | AA16: 5106 | AB16: 58 | AC16: 0 | AD16: 0 | AE16: 0 | AF16: =AF15+AC16-AD16-AE16 -> 0
A17: 45822 | B17: 토 | C17: 3 | D17: 2 | E17: 7 | F17: 4 | G17: 2 | H17: 2 | I17: =C17+D17+E17+F17+G17+H17 -> 20 | J17: 5 | K17: 1 | L17: =J17+K17 -> 6 | M17: OPS출고 | N17: 0 | P17: 0 | Q17: 0 | R17: 0 | T17: =U17+V17+W17 -> 7081 | U17: 0 | V17: 23 | W17: 7058 | X17: =Y17+Z17+AA17 -> 453 | Y17: 1 | Z17: 0 | AA17: 452 | AB17: 0 | AC17: 0 | AD17: 0 | AE17: 0 | AF17: =AF16+AC17-AD17-AE17 -> 0
A18: 45823 | B18: 일 | C18: 2 | D18: 0 | E18: 1 | F18: 1 | G18: 0 | H18: 0 | I18: =C18+D18+E18+F18+G18+H18 -> 4 | J18: 0 | K18: 0 | L18: =J18+K18 -> 0 | N18: 0 | P18: 0 | Q18: 0 | R18: 0 | T18: =U18+V18+W18 -> 0 | U18: 0 | V18: 0 | W18: 0 | X18: =Y18+Z18+AA18 -> 0 | Y18: 0 | Z18: 0 | AA18: 0 | AB18: 0 | AC18: 0 | AD18: 0 | AE18: 0 | AF18: =AF17+AC18-AD18-AE18 -> 0
A19: 45824 | B19: 월 | C19: 3 | D19: 1 | E19: 7 | F19: 4 | G19: 2 | H19: 2 | I19: =C19+D19+E19+F19+G19+H19 -> 19 | J19: 7 | K19: 16 | L19: =J19+K19 -> 23 | N19: 19 | P19: 7 | Q19: 14 | R19: 120 | S19: 메가와리출고 | T19: =U19+V19+W19 -> 10943 | U19: 0 | V19: 87 | W19: 10856 | X19: =Y19+Z19+AA19 -> 3575 | Y19: 3061 | Z19: 144 | AA19: 370 | AB19: 4 | AC19: 0 | AD19: 0 | AE19: 0 | AF19: =AF18+AC19-AD19-AE19 -> 0
A20: 45825 | B20: 화 | C20: 3 | D20: 2 | E20: 7 | F20: 3 | G20: 2 | H20: 2 | I20: =C20+D20+E20+F20+G20+H20 -> 19 | J20: 7 | K20: 15 | L20: =J20+K20 -> 22 | N20: 0 | P20: 0 | Q20: 0 | R20: 0 | T20: =U20+V20+W20 -> 7893 | U20: 0 | V20: 183 | W20: 7710 | X20: =Y20+Z20+AA20 -> 3457 | Y20: 1011 | Z20: 85 | AA20: 2361 | AB20: 1 | AC20: 0 | AD20: 0 | AE20: 0 | AF20: =AF19+AC20-AD20-AE20 -> 0
A21: 45826 | B21: 수 | C21: 3 | D21: 2 | E21: 6.5 | F21: 4 | G21: 2 | H21: 2 | I21: =C21+D21+E21+F21+G21+H21 -> 19.5 | J21: 6 | K21: 6 | L21: =J21+K21 -> 12 | M21: 재고조사/임가공/출고 | N21: 0 | P21: 0 | Q21: 0 | R21: 0 | T21: =U21+V21+W21 -> 3894 | U21: 0 | V21: 55 | W21: 3839 | X21: =Y21+Z21+AA21 -> 1543 | Y21: 861 | Z21: 53 | AA21: 629 | AB21: 23 | AC21: 0 | AD21: 0 | AE21: 0 | AF21: =AF20+AC21-AD21-AE21 -> 0
A22: 45827 | B22: 목 | C22: 3 | D22: 2 | E22: 7 | F22: 4 | G22: 2 | H22: 2 | I22: =C22+D22+E22+F22+G22+H22 -> 20 | J22: 6 | K22: 7 | L22: =J22+K22 -> 13 | M22: 재고조사/임가공/출고 | N22: 0 | P22: 0 | Q22: 0 | R22: 0 | T22: =U22+V22+W22 -> 2780 | U22: 0 | V22: 45 | W22: 2735 | X22: =Y22+Z22+AA22 -> 1224 | Y22: 741 | Z22: 52 | AA22: 431 | AB22: 24 | AC22: 0 | AD22: 0 | AE22: 0 | AF22: =AF21+AC22-AD22-AE22 -> 0
A23: 45828 | B23: 금 | C23: 2 | D23: 2 | E23: 7 | F23: 4 | G23: 2 | H23: 2 | I23: =C23+D23+E23+F23+G23+H23 -> 19 | J23: 5 | K23: 7 | L23: =J23+K23 -> 12 | M23: 재고조사/임가공/출고 | N23: 0 | P23: 0 | Q23: 0 | R23: 0 | T23: =U23+V23+W23 -> 2330 | U23: 0 | V23: 34 | W23: 2296 | X23: =Y23+Z23+AA23 -> 1223 | Y23: 727 | Z23: 15 | AA23: 481 | AB23: 36 | AC23: 0 | AD23: 0 | AE23: 0 | AF23: =AF22+AC23-AD23-AE23 -> 0
A24: 45829 | B24: 토 | C24: 0 | D24: 0 | E24: 3 | F24: 1 | G24: 1 | H24: 0 | I24: =C24+D24+E24+F24+G24+H24 -> 5 | J24: 0 | K24: 0 | L24: =J24+K24 -> 0 | N24: 0 | P24: 0 | Q24: 0 | R24: 0 | T24: =U24+V24+W24 -> 347 | U24: 0 | V24: 2 | W24: 345 | X24: =Y24+Z24+AA24 -> 85 | Y24: 0 | Z24: 0 | AA24: 85 | AB24: 0 | AC24: 0 | AD24: 0 | AE24: 0 | AF24: =AF23+AC24-AD24-AE24 -> 0
A25: 45830 | B25: 일 | C25: 0 | D25: 0 | E25: 2 | F25: 1 | G25: 1 | H25: 1 | I25: =C25+D25+E25+F25+G25+H25 -> 5 | J25: 0 | K25: 0 | L25: =J25+K25 -> 0 | N25: 0 | P25: 0 | Q25: 0 | R25: 0 | T25: =U25+V25+W25 -> 436 | U25: 0 | V25: 7 | W25: 429 | X25: =Y25+Z25+AA25 -> 102 | Y25: 0 | Z25: 0 | AA25: 102 | AB25: 0 | AC25: 0 | AD25: 0 | AE25: 0 | AF25: =AF24+AC25-AD25-AE25 -> 0
A26: 45831 | B26: 월 | C26: 3 | D26: 2 | E26: 7 | F26: 4 | G26: 2 | H26: 1 | I26: =C26+D26+E26+F26+G26+H26 -> 19 | J26: 7 | K26: 8 | L26: =J26+K26 -> 15 | M26: 재고조사/출고 | N26: 0 | P26: 0 | Q26: 0 | R26: 0 | T26: =U26+V26+W26 -> 2429 | U26: 0 | V26: 56 | W26: 2373 | X26: =Y26+Z26+AA26 -> 3460 | Y26: 2269 | Z26: 64 | AA26: 1127 | AB26: 2 | AC26: 0 | AD26: 0 | AE26: 0 | AF26: =AF25+AC26-AD26-AE26 -> 0
A27: 45832 | B27: 화 | C27: 3 | D27: 2 | E27: 7 | F27: 3 | G27: 2 | H27: 2 | I27: =C27+D27+E27+F27+G27+H27 -> 19 | J27: 7 | K27: 4 | L27: =J27+K27 -> 11 | M27: 재고조사/출고 | N27: 0 | P27: 0 | Q27: 0 | R27: 0 | T27: =U27+V27+W27 -> 4319 | U27: 0 | V27: 72 | W27: 4247 | X27: =Y27+Z27+AA27 -> 1474 | Y27: 770 | Z27: 180 | AA27: 524 | AB27: 1 | AC27: 0 | AD27: 0 | AE27: 0 | AF27: =AF26+AC27-AD27-AE27 -> 0
A28: 45833 | B28: 수 | C28: 3 | D28: 2 | E28: 7 | F28: 3 | G28: 2 | H28: 2 | I28: =C28+D28+E28+F28+G28+H28 -> 19 | J28: 6 | K28: 4 | L28: =J28+K28 -> 10 | M28: 재고조사/출고 | N28: 0 | P28: 0 | Q28: 0 | R28: 0 | T28: =U28+V28+W28 -> 3361 | U28: 0 | V28: 73 | W28: 3288 | X28: =Y28+Z28+AA28 -> 1393 | Y28: 789 | Z28: 38 | AA28: 566 | AB28: 3 | AC28: 0 | AD28: 0 | AE28: 0 | AF28: =AF27+AC28-AD28-AE28 -> 0
A29: 45834 | B29: 목 | C29: 2.5 | D29: 2 | E29: 5.5 | F29: 4 | G29: 2 | H29: 1 | I29: =C29+D29+E29+F29+G29+H29 -> 17 | J29: 6.5 | K29: 3 | L29: =J29+K29 -> 9.5 | M29: 재고조사/출고 | N29: 0 | P29: 0 | Q29: 0 | R29: 0 | T29: =U29+V29+W29 -> 3848 | U29: 0 | V29: 59 | W29: 3789 | X29: =Y29+Z29+AA29 -> 2326 | Y29: 900 | Z29: 40 | AA29: 1386 | AB29: 29 | AC29: 0 | AD29: 0 | AE29: 0 | AF29: =AF28+AC29-AD29-AE29 -> 0
A30: 45835 | B30: 금 | C30: 3 | D30: 2 | E30: 4 | F30: 4 | G30: 2 | H30: 2 | I30: =C30+D30+E30+F30+G30+H30 -> 17 | J30: 6 | K30: 4 | L30: =J30+K30 -> 10 | M30: 재고조사/출고 | N30: 0 | P30: 0 | Q30: 0 | R30: 0 | T30: =U30+V30+W30 -> 2390 | U30: 0 | V30: 44 | W30: 2346 | X30: =Y30+Z30+AA30 -> 1294 | Y30: 848 | Z30: 38 | AA30: 408 | AB30: 7 | AC30: 69 | AD30: 0 | AE30: 3 | AF30: =AF29+AC30-AD30-AE30 -> 66
A31: 45836 | B31: 토 | C31: 0 | D31: 0 | E31: 0 | F31: 0 | G31: 0 | H31: 0 | I31: =C31+D31+E31+F31+G31+H31 -> 0 | J31: 0 | K31: 0 | L31: =J31+K31 -> 0 | N31: 0 | P31: 0 | Q31: 0 | R31: 0 | T31: =U31+V31+W31 -> 0 | U31: 0 | V31: 0 | W31: 0 | X31: =Y31+Z31+AA31 -> 0 | Y31: 0 | Z31: 0 | AA31: 0 | AB31: 0 | AC31: 0 | AD31: 0 | AE31: 0 | AF31: =AF30+AC31-AD31-AE31 -> 66
A32: 45837 | B32: 일 | C32: 0 | D32: 0 | E32: 0 | F32: 0 | G32: 0 | H32: 0 | I32: =C32+D32+E32+F32+G32+H32 -> 0 | J32: 0 | K32: 0 | L32: =J32+K32 -> 0 | N32: 0 | P32: 0 | Q32: 0 | R32: 0 | T32: =U32+V32+W32 -> 0 | U32: 0 | V32: 0 | W32: 0 | X32: =Y32+Z32+AA32 -> 0 | Y32: 0 | Z32: 0 | AA32: 0 | AB32: 0 | AC32: 0 | AD32: 0 | AE32: 0 | AF32: =AF31+AC32-AD32-AE32 -> 66
A33: 45838 | B33: 월 | C33: 3 | D33: 2 | E33: 7 | F33: 4 | G33: 2 | H33: 2 | I33: =C33+D33+E33+F33+G33+H33 -> 20 | J33: 7 | K33: 5 | L33: =J33+K33 -> 12 | M33: 재고조사/출고 | N33: 0 | P33: 0 | Q33: 0 | R33: 0 | T33: =U33+V33+W33 -> 3883 | U33: 0 | V33: 48 | W33: 3835 | X33: =Y33+Z33+AA33 -> 3327 | Y33: 2252 | Z33: 95 | AA33: 980 | AB33: 0 | AC33: 19 | AD33: 0 | AE33: 0 | AF33: =AF32+AC33-AD33-AE33 -> 85
A34: 합계 | C34: =SUM(C4:C33) -> 75.5 | D34: =SUM(D4:D33) -> 49 | E34: =SUM(E4:E33) -> 176 | F34: =SUM(F4:F33) -> 102 | G34: =SUM(G4:G33) -> 52 | H34: =SUM(H4:H33) -> 48 | I34: =SUM(I4:I33) -> 502.5 | J34: =SUM(J4:J33) -> 162.5 | ... L34: =SUM(L4:L33) -> 574.5 | T34: =SUM(T4:T33) -> 256567 | U34: =SUM(U4:U33) -> 0 | V34: =SUM(V4:V33) -> 1378 | W34: =SUM(W4:W33) -> 255189 | X34: =SUM(X4:X33) -> 93535 | Y34: =SUM(Y4:Y33) -> 26420 | Z34: =SUM(Z4:Z33) -> 1227 | AA34: =SUM(AA4:AA33) -> 65888 | ... AE34: =SUM(AE4:AE33) -> 3

Sheet 7월
A1: 일자 | B1: 요일 | C1: 운영 근무자 | N1: 운영 근무자 잔업 | T1: 영종ALL | U1: OPS 출하건수 | Y1: WMS 작업건수 | AC1: B2B | AD1: WMG | AH1: 비고
C2: 정직원 | J2: 협력사원 | M2: 단기충원사유
C3: 센터장 및 지원 | D3: 입고 | E3: QFC | F3: OPS | G3: 예외 | H3: 드라이버 | I3: 합계 | J3: 장기협력사원 | K3: 단기협력사원 | L3: 합계 | N3: OPS, QFC | O3: 에러,입고,픽업 | P3: 장기협력사원 | Q3: 단기협력사원 | R3: 잔업시간(분) | S3: 잔업사유 | T3: ALL | U3: KR-All | V3: KRKR | W3: KR-Oversea | X3: KRJP | Y3: KR-All | Z3: KRKR | AA3: KR-Oversea | AB3: KRJP | AC3: 출고 건수 | AD3: 입고건수 | AE3: 출고건수 | AF3: 반송 | AG3: 미출고
A4: 45839 | B4: 화 | C4: 3 | D4: 2 | E4: 7 | F4: 3 | G4: 2 | H4: 2 | I4: =C4+D4+E4+F4+G4+H4 -> 19 | J4: 6 | K4: 3 | L4: =J4+K4 -> 9 | M4: 재고 2 / 출고 1 | T4: =U4+Z4 -> 5462 | U4: =V4+W4+X4 -> 4522 | V4: 0 | W4: 37 | X4: 4485 | Y4: =Z4+AA4+AB4 -> 2129 | Z4: 940 | AA4: 21 | AB4: 1168 | AC4: 11 | AD4: 213 | AE4: 85 | AF4: 0 | AG4: =85+AD4-AE4 -> 213
A5: 45840 | B5: 수 | C5: 3 | D5: 2 | E5: 7 | F5: 4 | G5: 2 | H5: 2 | I5: =C5+D5+E5+F5+G5+H5 -> 20 | J5: 6 | K5: 3 | L5: =J5+K5 -> 9 | M5: 재고 2 / 출고 1 | N5: 19 | P5: 6 | Q5: 3 | R5: 90 | S5: 풀필먼트출고 | T5: =U5+Z5 -> 8059 | U5: =V5+W5+X5 -> 7176 | V5: 0 | W5: 71 | X5: 7105 | Y5: =Z5+AA5+AB5 -> 3149 | Z5: 883 | AA5: 66 | AB5: 2200 | AC5: 3 | AD5: 113 | AE5: 0 | AF5: 0 | AG5: =AG4+AD5-AE5-AF5 -> 326
A6: 45841 | B6: 목 | C6: 3 | D6: 1.5 | E6: 7 | F6: 4 | G6: 2 | H6: 2 | I6: =C6+D6+E6+F6+G6+H6 -> 19.5 | J6: 7 | K6: 3 | L6: =J6+K6 -> 10 | M6: 재고 2 / 출고 1 | N6: 1 | R6: 210 | S6: 정산 | T6: =U6+Z6 -> 5905 | U6: =V6+W6+X6 -> 4966 | V6: 0 | W6: 23 | X6: 4943 | Y6: =Z6+AA6+AB6 -> 2151 | Z6: 939 | AA6: 111 | AB6: 1101 | AC6: 22 | AD6: 51 | AE6: 325 | AF6: 0 | AG6: =AG5+AD6-AE6-AF6 -> 52
A7: 45842 | B7: 금 | C7: 2 | D7: 2 | E7: 6 | F7: 4 | G7: 2 | H7: 2 | I7: =C7+D7+E7+F7+G7+H7 -> 18 | J7: 6.5 | K7: 2 | L7: =J7+K7 -> 8.5 | M7: 출고 2 | T7: =U7+Z7 -> 6545 | U7: =V7+W7+X7 -> 5710 | V7: 0 | W7: 66 | X7: 5644 | Y7: =Z7+AA7+AB7 -> 2201 | Z7: 835 | AA7: 43 | AB7: 1323 | AC7: 1 | AD7: 32 | AE7: 78 | AF7: 0 | AG7: =AG6+AD7-AE7-AF7 -> 6
A8: 45843 | B8: 토 | C8: 0 | D8: 0 | E8: 0 | F8: 0 | G8: 0 | H8: 0 | I8: =C8+D8+E8+F8+G8+H8 -> 0 | J8: =M8+N8+P8 -> 0 | K8: =M8+N8+P8 -> 0 | L8: =J8+K8 -> 0 | T8: =U8+Z8 -> 0 | U8: =V8+W8+X8 -> 0 | V8: 0 | W8: 0 | X8: 0 | Y8: =Z8+AA8+AB8 -> 0 | Z8: 0 | AA8: 0 | AB8: 0 | AC8: 0 | AD8: 0 | AE8: 0 | AF8: 0 | AG8: =AG7+AD8-AE8-AF8 -> 6
A9: 45844 | B9: 일 | C9: 0 | D9: 0 | E9: 0 | F9: 0 | G9: 0 | H9: 0 | I9: =C9+D9+E9+F9+G9+H9 -> 0 | J9: =M9+N9+P9 -> 0 | K9: =M9+N9+P9 -> 0 | L9: =J9+K9 -> 0 | T9: =U9+Z9 -> 0 | U9: =V9+W9+X9 -> 0 | V9: 0 | W9: 0 | X9: 0 | Y9: =Z9+AA9+AB9 -> 0 | Z9: 0 | AA9: 0 | AB9: 0 | AC9: 0 | AD9: 0 | AE9: 0 | AF9: 0 | AG9: =AG8+AD9-AE9-AF9 -> 6
A10: 45845 | B10: 월 | C10: 3 | D10: 2 | E10: 7 | F10: 4 | G10: 1 | H10: 2 | I10: =C10+D10+E10+F10+G10+H10 -> 19 | J10: 7 | K10: 5 | L10: =J10+K10 -> 12 | M10: 라벨 1 / 출고 4 | N10: 19 | P10: 7 | Q10: 5 | R10: 180 | S10: 풀필먼트출고 자동화 기기 고장 | T10: =U10+Z10 -> 8831 | U10: =V10+W10+X10 -> 6273 | V10: 0 | W10: 62 | X10: 6211 | Y10: =Z10+AA10+AB10 -> 4357 | Z10: 2558 | AA10: 140 | AB10: 1659 | AC10: 1 | AD10: 42 | AE10: 0 | AF10: 0 | AG10: =AG9+AD10-AE10-AF10 -> 48
A11: 45846 | B11: 화 | C11: 3 | D11: 2 | E11: 6 | F11: 5 | G11: 2 | H11: 2 | I11: =C11+D11+E11+F11+G11+H11 -> 20 | J11: 7 | K11: 5 | L11: =J11+K11 -> 12 | M11: 라벨 2 / 출고 3 | T11: =U11+Z11 -> 7640 | U11: =V11+W11+X11 -> 6624 | V11: 0 | W11: 66 | X11: 6558 | Y11: =Z11+AA11+AB11 -> 3367 | Z11: 1016 | AA11: 82 | AB11: 2269 | AC11: 4 | AD11: 79 | AE11: 44 | AF11: 1 | AG11: =AG10+AD11-AE11-AF11 -> 82
A12: 45847 | B12: 수 | C12: 3 | D12: 2 | E12: 6 | F12: 4 | G12: 2 | H12: 2 | I12: =C12+D12+E12+F12+G12+H12 -> 19 | J12: 6 | K12: 6 | L12: =J12+K12 -> 12 | M12: 라벨 3 / 출고 3 | T12: =U12+Z12 -> 7366 | U12: =V12+W12+X12 -> 6473 | V12: 0 | W12: 69 | X12: 6404 | Y12: =Z12+AA12+AB12 -> 2750 | Z12: 893 | AA12: 86 | AB12: 1771 | AC12: 14 | AD12: 80 | AE12: 0 | AF12: 1 | AG12: =AG11+AD12-AE12-AF12 -> 161
A13: 45848 | B13: 목 | C13: 3 | D13: 2 | E13: 5 | F13: 4 | G13: 2 | H13: 2 | I13: =C13+D13+E13+F13+G13+H13 -> 18 | J13: 7 | K13: 5 | L13: =J13+K13 -> 12 | M13: 라벨 2 / 출고 3 | T13: =U13+Z13 -> 6516 | U13: =V13+W13+X13 -> 5544 | V13: 0 | W13: 368 | X13: 5176 | Y13: =Z13+AA13+AB13 -> 2650 | Z13: 972 | AA13: 119 | AB13: 1559 | AC13: 1 | AD13: 14 | AE13: 0 | AF13: 0 | AG13: =AG12+AD13-AE13-AF13 -> 175
A14: 45849 | B14: 금 | C14: 3 | D14: 2 | E14: 5 | F14: 4 | G14: 2 | H14: 2 | I14: =C14+D14+E14+F14+G14+H14 -> 18 | J14: 6 | K14: 15 | L14: =J14+K14 -> 21 | M14: 라벨 12 / 출고 3 | T14: =U14+Z14 -> 5676 | U14: =V14+W14+X14 -> 4745 | V14: 0 | W14: 87 | X14: 4658 | Y14: =Z14+AA14+AB14 -> 2280 | Z14: 931 | AA14: 29 | AB14: 1320 | AC14: 1 | AD14: 28 | AE14: 173 | AF14: 0 | AG14: =AG13+AD14-AE14-AF14 -> 30
A15: 45850 | B15: 토 | C15: 0 | D15: 0 | E15: 0 | F15: 0 | G15: 0 | H15: 0 | I15: =C15+D15+E15+F15+G15+H15 -> 0 | J15: =M15+N15+P15 -> 0 | K15: =M15+N15+P15 -> 0 | L15: =J15+K15 -> 0 | T15: =U15+Z15 -> 0 | U15: =V15+W15+X15 -> 0 | V15: 0 | W15: 0 | X15: 0 | Y15: =Z15+AA15+AB15 -> 0 | Z15: 0 | AA15: 0 | AB15: 0 | AC15: 0 | AD15: 0 | AE15: 0 | AF15: 0 | AG15: =AG14+AD15-AE15-AF15 -> 30
A16: 45851 | B16: 일 | C16: 0 | D16: 0 | E16: 0 | F16: 0 | G16: 0 | H16: 0 | I16: =C16+D16+E16+F16+G16+H16 -> 0 | J16: =M16+N16+P16 -> 0 | K16: =M16+N16+P16 -> 0 | L16: =J16+K16 -> 0 | T16: =U16+Z16 -> 0 | U16: =V16+W16+X16 -> 0 | V16: 0 | W16: 0 | X16: 0 | Y16: =Z16+AA16+AB16 -> 0 | Z16: 0 | AA16: 0 | AB16: 0 | AC16: 0 | AD16: 0 | AE16: 0 | AF16: 0 | AG16: =AG15+AD16-AE16-AF16 -> 30
A17: 45852 | B17: 월 | C17: 3 | D17: 2 | E17: 6 | F17: 4 | G17: 2 | H17: 2 | I17: =C17+D17+E17+F17+G17+H17 -> 19 | J17: 7 | K17: 17 | L17: =J17+K17 -> 24 | M17: 라벨 12 / 출고 5 | T17: =U17+Z17 -> 8198 | U17: =V17+W17+X17 -> 5529 | V17: 0 | W17: 71 | X17: 5458 | Y17: =Z17+AA17+AB17 -> 3587 | Z17: 2669 | AA17: 71 | AB17: 847 | AC17: 5 | AD17: 47 | AE17: 0 | AF17: 0 | AG17: =AG16+AD17-AE17-AF17 -> 77
A18: 45853 | B18: 화 | C18: 3 | D18: 2 | E18: 6 | F18: 4 | G18: 2 | H18: 2 | I18: =C18+D18+E18+F18+G18+H18 -> 19 | J18: 7 | K18: 20 | L18: =J18+K18 -> 27 | M18: 라벨 15 / 출고 5 | T18: =U18+Z18 -> 6570 | U18: =V18+W18+X18 -> 5482 | V18: 0 | W18: 66 | X18: 5416 | Y18: =Z18+AA18+AB18 -> 3810 | Z18: 1088 | AA18: 46 | AB18: 2676 | AC18: 44 | AD18: 453 | AE18: 45 | AF18: 0 | AG18: =AG17+AD18-AE18-AF18 -> 485
A19: 45854 | B19: 수 | C19: 3 | D19: 2 | E19: 6 | F19: 4 | G19: 2 | H19: 2 | I19: =C19+D19+E19+F19+G19+H19 -> 19 | J19: 7 | K19: 14 | L19: =J19+K19 -> 21 | M19: 라벨 10 / 출고 4 | T19: =U19+Z19 -> 5478 | U19: =V19+W19+X19 -> 4242 | V19: 0 | W19: 62 | X19: 4180 | Y19: =Z19+AA19+AB19 -> 2564 | Z19: 1236 | AA19: 46 | AB19: 1282 | AC19: 3 | AD19: 42 | AE19: 0 | AF19: 3 | AG19: =AG18+AD19-AE19-AF19 -> 524
A20: 45855 | B20: 목 | C20: 3 | D20: 1 | E20: 5 | F20: 4 | G20: 2 | H20: 2 | I20: =C20+D20+E20+F20+G20+H20 -> 17 | J20: 7 | K20: 5 | L20: =J20+K20 -> 12 | M20: 라벨 2 / 출고 3 | T20: =U20+Z20 -> 3823 | U20: =V20+W20+X20 -> 2895 | V20: 0 | W20: 82 | X20: 2813 | Y20: =Z20+AA20+AB20 -> 1679 | Z20: 928 | AA20: 28 | AB20: 723 | AC20: 3 | AD20: 233 | AE20: 0 | AF20: 0 | AG20: =AG19+AD20-AE20-AF20 -> 757
A21: 45856 | B21: 금 | C21: 3 | D21: 1 | E21: 4 | F21: 3 | G21: 2 | H21: 2 | I21: =C21+D21+E21+F21+G21+H21 -> 15 | J21: 5 | K21: 5 | L21: =J21+K21 -> 10 | M21: 라벨 3 / 출고 2 | T21: =U21+Z21 -> 3613 | U21: =V21+W21+X21 -> 2628 | V21: 0 | W21: 60 | X21: 2568 | Y21: =Z21+AA21+AB21 -> 1826 | Z21: 985 | AA21: 38 | AB21: 803 | AC21: 25 | AD21: 371 | AE21: 755 | AF21: 0 | AG21: =AG20+AD21-AE21-AF21 -> 373
A22: 45857 | B22: 토 | C22: 0 | D22: 0 | E22: 0 | F22: 0 | G22: 0 | H22: 0 | I22: =C22+D22+E22+F22+G22+H22 -> 0 | J22: 0 | K22: 0 | L22: =J22+K22 -> 0 | T22: =U22+Z22 -> 0 | U22: =V22+W22+X22 -> 0 | V22: 0 | W22: 0 | X22: 0 | Y22: =Z22+AA22+AB22 -> 0 | Z22: 0 | AA22: 0 | AB22: 0 | AC22: 0 | AD22: 0 | AE22: 0 | AF22: 0 | AG22: =AG21+AD22-AE22-AF22 -> 373
A23: 45858 | B23: 일 | C23: 0 | D23: 0 | E23: 0 | F23: 0 | G23: 0 | H23: 0 | I23: =C23+D23+E23+F23+G23+H23 -> 0 | J23: 0 | K23: 0 | L23: =J23+K23 -> 0 | T23: =U23+Z23 -> 0 | U23: =V23+W23+X23 -> 0 | V23: 0 | W23: 0 | X23: 0 | Y23: =Z23+AA23+AB23 -> 0 | Z23: 0 | AA23: 0 | AB23: 0 | AC23: 0 | AD23: 0 | AE23: 0 | AF23: 0 | AG23: =AG22+AD23-AE23-AF23 -> 373
A24: 45859 | B24: 월 | C24: 3 | D24: 2 | E24: 7 | F24: 4 | G24: 2 | H24: 2 | I24: =C24+D24+E24+F24+G24+H24 -> 20 | J24: 6 | K24: 5 | L24: =J24+K24 -> 11 | M24: 출고 5 | N24: 2 | R24: 90 | S24: 전산 업무 | T24: =U24+Z24 -> 6430 | U24: =V24+W24+X24 -> 3503 | V24: 0 | W24: 63 | X24: 3440 | Y24: =Z24+AA24+AB24 -> 3649 | Z24: 2927 | AA24: 78 | AB24: 644 | AC24: 4 | AD24: 400 | AE24: 0 | AF24: 0 | AG24: =AG23+AD24-AE24-AF24 -> 773
A25: 45860 | B25: 화 | C25: 2 | D25: 2 | E25: 7 | F25: 4 | G25: 2 | H25: 2 | I25: =C25+D25+E25+F25+G25+H25 -> 19 | J25: 6 | K25: 4 | L25: =J25+K25 -> 10 | M25: 출고4 | N25: 9 | P25: 2 | Q25: 1 | R25: 90 | S25: ops 테스트 | T25: =U25+Z25 -> 5908 | U25: =V25+W25+X25 -> 4902 | V25: 0 | W25: 45 | X25: 4857 | Y25: =Z25+AA25+AB25 -> 2837 | Z25: 1006 | AA25: 8 | AB25: 1823 | AC25: 21 | AD25: 34 | AE25: 388 | AF25: 0 | AG25: =AG24+AD25-AE25-AF25 -> 419
A26: 45861 | B26: 수 | C26: 3 | D26: 2 | E26: 7 | F26: 3 | G26: 2 | H26: 2 | I26: =C26+D26+E26+F26+G26+H26 -> 19 | J26: 6.5 | K26: 12 | L26: =J26+K26 -> 18.5 | M26: 라벨 9 / 출고 3 | T26: =U26+Z26 -> 4377 | U26: =V26+W26+X26 -> 3419 | V26: 0 | W26: 55 | X26: 3364 | Y26: =Z26+AA26+AB26 -> 2162 | Z26: 958 | AA26: 16 | AB26: 1188 | AC26: 5 | AD26: 83 | AE26: 0 | AF26: 0 | AG26: =AG25+AD26-AE26-AF26 -> 502
A27: 45862 | B27: 목 | C27: 3 | D27: 1 | E27: 7 | F27: 4 | G27: 2 | H27: 2 | I27: =C27+D27+E27+F27+G27+H27 -> 19 | J27: 7 | K27: 12 | L27: =J27+K27 -> 19 | M27: 라벨 9 / 출고 3 | T27: =U27+Z27 -> 3602 | U27: =V27+W27+X27 -> 2698 | V27: 0 | W27: 44 | X27: 2654 | Y27: =Z27+AA27+AB27 -> 1629 | Z27: 904 | AA27: 6 | AB27: 719 | AC27: 33 | AD27: 89 | AE27: 464 | AF27: 0 | AG27: =AG26+AD27-AE27-AF27 -> 127
A28: 45863 | B28: 금 | C28: 3 | D28: 2 | E28: 6 | F28: 3 | G28: 1 | H28: 2 | I28: =C28+D28+E28+F28+G28+H28 -> 17 | J28: 6 | K28: 2 | L28: =J28+K28 -> 8 | M28: 출고 2 | T28: =U28+Z28 -> 3862 | U28: =V28+W28+X28 -> 3024 | V28: 0 | W28: 59 | X28: 2965 | Y28: =Z28+AA28+AB28 -> 1583 | Z28: 838 | AA28: 17 | AB28: 728 | AC28: 6 | AD28: 568 | AE28: 500 | AF28: 0 | AG28: =AG27+AD28-AE28-AF28 -> 195
A29: 45864 | B29: 토 | C29: 0 | D29: 0 | E29: 1 | F29: 1 | G29: 0 | H29: 0 | I29: =C29+D29+E29+F29+G29+H29 -> 2 | J29: 0 | K29: 0 | L29: =J29+K29 -> 0 | T29: =U29+Z29 -> 67 | U29: =V29+W29+X29 -> 67 | V29: 0 | W29: 0 | X29: 67 | Y29: =Z29+AA29+AB29 -> 67 | Z29: 0 | AA29: 0 | AB29: 67 | AC29: 0 | AD29: 0 | AE29: 0 | AF29: 0 | AG29: =AG28+AD29-AE29-AF29 -> 195
A30: 45865 | B30: 일 | C30: 0 | D30: 0 | E30: 1 | F30: 1 | G30: 0 | H30: 0 | I30: =C30+D30+E30+F30+G30+H30 -> 2 | J30: 0 | K30: 0 | L30: =J30+K30 -> 0 | T30: =U30+Z30 -> 68 | U30: =V30+W30+X30 -> 68 | V30: 0 | W30: 0 | X30: 68 | Y30: =Z30+AA30+AB30 -> 68 | Z30: 0 | AA30: 0 | AB30: 68 | AC30: 0 | AD30: 0 | AE30: 0 | AF30: 0 | AG30: =AG29+AD30-AE30-AF30 -> 195
A31: 45866 | B31: 월 | C31: 3 | D31: 2 | E31: 6 | F31: 4 | G31: 2 | H31: 2 | I31: =C31+D31+E31+F31+G31+H31 -> 19 | J31: 7 | K31: 4 | L31: =J31+K31 -> 11 | M31: 출고 4 | T31: =U31+Z31 -> 6453 | U31: =V31+W31+X31 -> 4041 | V31: 0 | W31: 70 | X31: 3971 | Y31: =Z31+AA31+AB31 -> 3107 | Z31: 2412 | AA31: 68 | AB31: 627 | AC31: 1 | AD31: 204 | AE31: 0 | AF31: 0 | AG31: =AG30+AD31-AE31-AF31 -> 399
A32: 45867 | B32: 화 | C32: 3 | D32: 2 | E32: 6 | F32: 4 | G32: 2 | H32: 2 | I32: =C32+D32+E32+F32+G32+H32 -> 19 | J32: 6.5 | K32: 3 | L32: =J32+K32 -> 9.5 | M32: 출고 3 | T32: =U32+Z32 -> 6253 | U32: =V32+W32+X32 -> 5229 | V32: 0 | W32: 83 | X32: 5146 | Y32: =Z32+AA32+AB32 -> 2950 | Z32: 1024 | AA32: 56 | AB32: 1870 | AC32: 1 | AD32: 261 | AE32: 395 | AF32: 2 | AG32: =AG31+AD32-AE32-AF32 -> 263
A33: 45868 | B33: 수 | C33: 3 | D33: 2 | E33: 7 | F33: 3 | G33: 1 | H33: 2 | I33: =C33+D33+E33+F33+G33+H33 -> 18 | J33: 7 | K33: 2 | L33: =J33+K33 -> 9 | M33: 출고 2 | N33: 1 | R33: 150 | S33: VTPL_B2B작업 | T33: =U33+Z33 -> 4924 | U33: =V33+W33+X33 -> 4038 | V33: 0 | W33: 65 | X33: 3973 | Y33: =Z33+AA33+AB33 -> 1570 | Z33: 886 | AA33: 35 | AB33: 649 | AC33: 3 | AD33: 106 | AE33: 0 | AF33: 0 | AG33: =AG32+AD33-AE33-AF33 -> 369
A34: 45869 | B34: 목 | C34: 3 | D34: 2 | E34: 7 | F34: 3 | G34: 1 | H34: 2 | I34: =C34+D34+E34+F34+G34+H34 -> 18 | J34: 7 | K34: 2 | L34: =J34+K34 -> 9 | M34: 출고 2 | T34: =U34+Z34 -> 3888 | U34: =V34+W34+X34 -> 2835 | V34: 0 | W34: 26 | X34: 2809 | Y34: =Z34+AA34+AB34 -> 1621 | Z34: 1053 | AA34: 9 | AB34: 559 | AC34: 14 | AD34: 66 | AE34: 366 | AF34: 1 | AG34: =AG33+AD34-AE34-AF34 -> 68
A35: 합계 | C35: =SUM(C4:C34) -> 67 | D35: =SUM(D4:D34) -> 42.5 | E35: =SUM(E4:E34) -> 145 | F35: =SUM(F4:F34) -> 89 | G35: =SUM(G4:G34) -> 42 | H35: =SUM(H4:H34) -> 46 | I35: =SUM(I4:I34) -> 431.5 | J35: =SUM(J4:J34) -> 150.5 | ... L35: =SUM(L4:L34) -> 304.5 | N35: =SUM(N4:N34) -> 51 | P35: =SUM(P4:P34) -> 15 | Q35: =SUM(Q4:Q34) -> 9 | R35: =SUM(R4:R34) -> 810 | T35: =SUM(T4:T34) -> 135514 | U35: =SUM(U4:U34) -> 106633 | V35: =SUM(V4:V34) -> 0 | W35: =SUM(W4:W34) -> 1700 | X35: =SUM(X4:X34) -> 104933 | Y35: =SUM(Y4:Y34) -> 59743 | Z35: =SUM(Z4:Z34) -> 28881 | AA35: =SUM(AA4:AA34) -> 1219 | ... AF35: =SUM(AF4:AF34) -> 8
A36: ▣ 참고사항 (단기 충원 사유)
A37: ① OPS 단기 1명 고정 투입 중(입고 홍순호과장 퇴사 후 OPS 김필재대리 입고파트로 전환 배치 후 정직원이 아닌 단기 인력 투입)
A38: ② 월, 화 VTPL 출고 화물 (15시 기준) 당일 출고 (1~2명)
A39: ③ VTPL 국내 행사 사전 공유 시 1~2명 투입
A40: ④ B2B 출고 요청 작업 발생 시
A41: ⑤ 정직원 휴가 시 등등

Sheet 8월
A1: 일자 | B1: 요일 | J1: 운영 근무자 잔업 | P1: 영종ALL | Q1: OPS 출하건수 | U1: WMS 작업건수 | Y1: B2B | Z1: WMG | AD1: 비고
C2: 정직원 | F2: 협력사원 | I2: 단기충원사유
C3: OPS, QFC | D3: 마곡지원 | E3: 합계 | F3: 장기협력사원 | G3: 단기협력사원 | H3: 합계 | J3: OPS, QFC | K3: 에러,입고,픽업 | L3: 장기협력사원 | M3: 단기협력사원 | N3: 잔업시간(분) | O3: 잔업사유 | P3: ALL | Q3: KR-All | R3: KRKR | S3: KR-Oversea | T3: KRJP | U3: KR-All | V3: KRKR | W3: KR-Oversea | X3: KRJP | Y3: 출고 건수 | Z3: 입고건수 | AA3: 출고건수 | AB3: 반송 | AC3: 미출고
A4: 45870 | B4: 금 | C4: 18 | D4: 0 | E4: =C4+D4 -> 18 | F4: 7 | G4: 1 | H4: =F4+G4 -> 8 | I4: 출고 1 | J4: 5 | N4: 90 | O4: 풀필먼트 출고 | P4: =Q4+V4 -> 5294 | Q4: =R4+S4+T4 -> 4326 | R4: 0 | S4: 53 | T4: 4273 | U4: =V4+W4+X4 -> 2175 | V4: 968 | W4: 89 | X4: 1118 | Y4: 1 | Z4: 53 | AA4: 119 | AB4: 0 | AC4: =68+Z4-AA4-AB4 -> 2
A5: 45871 | B5: 토 | C5: 11 | D5: 0 | E5: =C5+D5 -> 11 | F5: 0 | G5: 0 | H5: =F5+G5 -> 0 | P5: =Q5+V5 -> 164 | Q5: =R5+S5+T5 -> 164 | R5: 0 | S5: 0 | T5: 164 | U5: =V5+W5+X5 -> 164 | V5: 0 | W5: 0 | X5: 164 | Y5: 0 | Z5: 0 | AA5: 0 | AB5: 0 | AC5: =AC4+Z5-AA5-AB5 -> 2
A6: 45872 | B6: 일 | C6: 3 | D6: 0 | E6: =C6+D6 -> 3 | F6: 0 | G6: 0 | H6: =F6+G6 -> 0 | P6: =Q6+V6 -> 178 | Q6: =R6+S6+T6 -> 178 | R6: 0 | S6: 0 | T6: 178 | U6: =V6+W6+X6 -> 178 | V6: 0 | W6: 0 | X6: 178 | Y6: 0 | Z6: 0 | AA6: 0 | AB6: 0 | AC6: =AC5+Z6-AA6-AB6 -> 2
A7: 45873 | B7: 월 | C7: 17 | D7: 0 | E7: =C7+D7 -> 17 | F7: 6 | G7: 2 | H7: =F7+G7 -> 8 | I7: 출고 2 | J7: 15 | L7: 4 | M7: 3 | N7: 180 | O7: 풀필먼트출고/twms멀티패턴시스템오류 | P7: =Q7+V7 -> 8680 | Q7: =R7+S7+T7 -> 5919 | R7: 0 | S7: 22 | T7: 5897 | U7: =V7+W7+X7 -> 3380 | V7: 2761 | W7: 78 | X7: 541 | Y7: 23 | Z7: 23 | AA7: 0 | AB7: 0 | AC7: =AC6+Z7-AA7-AB7 -> 25
A8: 45874 | B8: 화 | C8: 18 | D8: 0 | E8: =C8+D8 -> 18 | F8: 7 | G8: 5 | H8: =F8+G8 -> 12 | I8: 출고 5 | J8: 16 | L8: 5 | M8: 3 | N8: 180 | O8: 풀필먼트 출고 / ops 출고 | P8: =Q8+V8 -> 13123 | Q8: =R8+S8+T8 -> 11827 | R8: 0 | S8: 57 | T8: 11770 | U8: =V8+W8+X8 -> 3965 | V8: 1296 | W8: 44 | X8: 2625 | Y8: 3 | Z8: 4 | AA8: 0 | AB8: 0 | AC8: =AC7+Z8-AA8-AB8 -> 29
A9: 45875 | B9: 수 | C9: 17 | D9: 14 | E9: =C9+D9 -> 31 | F9: 7 | G9: 1 | H9: =F9+G9 -> 8 | I9: 출고 1 | J9: 15 | L9: 2 | M9: 1 | N9: 180 | O9: 풀필먼트 출고 / ops 출고 | P9: =Q9+V9 -> 11803 | Q9: =R9+S9+T9 -> 10735 | R9: 0 | S9: 85 | T9: 10650 | U9: =V9+W9+X9 -> 3803 | V9: 1068 | W9: 66 | X9: 2669 | Y9: 36 | Z9: 0 | AA9: 27 | AB9: 0 | AC9: =AC8+Z9-AA9-AB9 -> 2
A10: 45876 | B10: 목 | C10: 16 | D10: 10 | E10: =C10+D10 -> 26 | F10: 7 | G10: 1 | H10: =F10+G10 -> 8 | I10: 출고 1 | J10: 15 | L10: 1 | M10: 1 | N10: 90 | O10: 풀필먼트 출고 / ops 출고 | P10: =Q10+V10 -> 6045 | Q10: =R10+S10+T10 -> 5152 | R10: 0 | S10: 20 | T10: 5132 | U10: =V10+W10+X10 -> 2898 | V10: 893 | W10: 6 | X10: 1999 | Y10: 25 | Z10: 291 | AA10: 0 | AB10: 1 | AC10: =AC9+Z10-AA10-AB10 -> 292
A11: 45877 | B11: 금 | C11: 16 | D11: 6 | E11: =C11+D11 -> 22 | F11: 6 | G11: 4 | H11: =F11+G11 -> 10 | I11: 출고4 | N11: 60 | O11: OPS출고 | P11: =Q11+V11 -> 7496 | Q11: =R11+S11+T11 -> 6655 | R11: 0 | S11: 65 | T11: 6590 | U11: =V11+W11+X11 -> 2673 | V11: 841 | W11: 43 | X11: 1789 | Y11: 25 | Z11: 95 | AA11: 290 | AB11: 0 | AC11: =AC10+Z11-AA11-AB11 -> 97
A12: 45878 | B12: 토 | C12: 2 | D12: 0 | E12: =C12+D12 -> 2 | F12: 0 | G12: 0 | H12: =F12+G12 -> 0 | P12: =Q12+V12 -> 188 | Q12: =R12+S12+T12 -> 188 | R12: 0 | S12: 6 | T12: 182 | U12: =V12+W12+X12 -> 187 | V12: 0 | W12: 6 | X12: 181 | Y12: 0 | Z12: 0 | AA12: 0 | AB12: 0 | AC12: =AC11+Z12-AA12-AB12 -> 97
A13: 45879 | B13: 일 | C13: 2 | D13: 0 | E13: =C13+D13 -> 2 | F13: 0 | G13: 0 | H13: =F13+G13 -> 0 | P13: =Q13+V13 -> 154 | Q13: =R13+S13+T13 -> 154 | R13: 0 | S13: 0 | T13: 154 | U13: =V13+W13+X13 -> 148 | V13: 0 | W13: 0 | X13: 148 | Y13: 0 | Z13: 0 | AA13: 0 | AB13: 0 | AC13: =AC12+Z13-AA13-AB13 -> 97
A14: 45880 | B14: 월 | C14: 17 | D14: 0 | E14: =C14+D14 -> 17 | F14: 6 | G14: 2 | H14: =F14+G14 -> 8 | I14: 출고 2 | J14: 15 | L14: 2 | M14: 2 | N14: 90 | O14: 풀필먼트 출고 | P14: =Q14+V14 -> 8086 | Q14: =R14+S14+T14 -> 5596 | R14: 0 | S14: 68 | T14: 5528 | U14: =V14+W14+X14 -> 3226 | V14: 2490 | W14: 189 | X14: 547 | Y14: 7 | Z14: 80 | AA14: 0 | AB14: 0 | AC14: =AC13+Z14-AA14-AB14 -> 177
A15: 45881 | B15: 화 | C15: 17 | D15: 7 | E15: =C15+D15 -> 24 | F15: 3 | G15: 7 | H15: =F15+G15 -> 10 | I15: 출고 7 | P15: =Q15+V15 -> 8736 | Q15: =R15+S15+T15 -> 7653 | R15: 0 | S15: 53 | T15: 7600 | U15: =V15+W15+X15 -> 2582 | V15: 1083 | W15: 20 | X15: 1479 | Y15: 52 | Z15: 94 | AA15: 0 | AB15: 0 | AC15: =AC14+Z15-AA15-AB15 -> 271
A16: 45882 | B16: 수 | C16: 16 | D16: 0 | E16: =C16+D16 -> 16 | F16: 4 | G16: 6 | H16: =F16+G16 -> 10 | I16: 출고 5 / 라벨 1 | J16: 13 | L16: 4 | M16: 1 | N16: 90 | O16: 풀필먼트 출고 / ops 출고 | P16: =Q16+V16 -> 7229 | Q16: =R16+S16+T16 -> 6257 | R16: 0 | S16: 42 | T16: 6215 | U16: =V16+W16+X16 -> 2530 | V16: 972 | W16: 81 | X16: 1477 | Y16: 48 | Z16: 321 | AA16: 269 | AB16: 0 | AC16: =AC15+Z16-AA16-AB16 -> 323
A17: 45883 | B17: 목 | C17: 15 | D17: 0 | E17: =C17+D17 -> 15 | F17: 4 | G17: 3 | H17: =F17+G17 -> 7 | I17: 출고 2 / 라벨 1 | J17: 6 | L17: 0 | M17: 0 | N17: 120 | O17: 풀필먼트 출고 | P17: =Q17+V17 -> 4050 | Q17: =R17+S17+T17 -> 3163 | R17: 0 | S17: 41 | T17: 3122 | U17: =V17+W17+X17 -> 1769 | V17: 887 | W17: 44 | X17: 838 | Y17: 38 | Z17: 202 | AA17: 0 | AB17: 0 | AC17: =AC16+Z17-AA17-AB17 -> 525
A18: 45884 | B18: 금 | C18: 6 | D18: 0 | E18: =C18+D18 -> 6 | F18: 0 | G18: 0 | H18: =F18+G18 -> 0 | P18: =Q18+V18 -> 341 | Q18: =R18+S18+T18 -> 341 | R18: 0 | S18: 0 | T18: 341 | U18: =V18+W18+X18 -> 176 | V18: 0 | W18: 0 | X18: 176 | Y18: 0 | Z18: 0 | AA18: 0 | AB18: 0 | AC18: =AC17+Z18-AA18-AB18 -> 525
A19: 45885 | B19: 토 | C19: 2 | D19: 0 | E19: =C19+D19 -> 2 | F19: 0 | G19: 0 | H19: =F19+G19 -> 0 | P19: =Q19+V19 -> 323 | Q19: =R19+S19+T19 -> 142 | R19: 0 | S19: 0 | T19: 142 | U19: =V19+W19+X19 -> 323 | V19: 181 | W19: 0 | X19: 142 | Y19: 0 | Z19: 0 | AA19: 0 | AB19: 0 | AC19: =AC18+Z19-AA19-AB19 -> 525
A20: 45886 | B20: 일 | C20: 2 | D20: 0 | E20: =C20+D20 -> 2 | F20: 0 | G20: 0 | H20: =F20+G20 -> 0 | P20: =Q20+V20 -> 248 | Q20: =R20+S20+T20 -> 248 | R20: 0 | S20: 0 | T20: 248 | U20: =V20+W20+X20 -> 248 | V20: 0 | W20: 0 | X20: 248 | Y20: 0 | Z20: 0 | AA20: 0 | AB20: 0 | AC20: =AC19+Z20-AA20-AB20 -> 525
A21: 45887 | B21: 월 | C21: 15 | D21: 0 | E21: =C21+D21 -> 15 | F21: 3 | G21: 1 | H21: =F21+G21 -> 4 | I21: 출고 1 | J21: 12 | L21: 3 | M21: 1 | N21: 180 | O21: 풀필먼트 출고 / ops 출고 | P21: =Q21+V21 -> 5913 | Q21: =R21+S21+T21 -> 2992 | R21: 0 | S21: 7 | T21: 2985 | U21: =V21+W21+X21 -> 3297 | V21: 2921 | W21: 322 | X21: 54 | Y21: 55 | Z21: 156 | AA21: 0 | AB21: 0 | AC21: =AC20+Z21-AA21-AB21 -> 681
A22: 45888 | B22: 화 | C22: 17 | D22: 0 | E22: =C22+D22 -> 17 | F22: 4 | G22: 4 | H22: =F22+G22 -> 8 | I22: 출고 4 | J22: 14 | L22: 0 | M22: 0 | N22: 90 | O22: 풀필먼트 출고 / ops 출고 | P22: =Q22+V22 -> 5865 | Q22: =R22+S22+T22 -> 4912 | R22: 0 | S22: 67 | T22: 4845 | U22: =V22+W22+X22 -> 2823 | V22: 953 | W22: 6 | X22: 1864 | Y22: 16 | Z22: 63 | AA22: 680 | AB22: 0 | AC22: =AC21+Z22-AA22-AB22 -> 64
A23: 45889 | B23: 수 | C23: 18 | D23: 0 | E23: =C23+D23 -> 18 | F23: 4 | G23: 3 | H23: =F23+G23 -> 7 | I23: 출고 3 | P23: =Q23+V23 -> 5182 | Q23: =R23+S23+T23 -> 4418 | R23: 0 | S23: 118 | T23: 4300 | U23: =V23+W23+X23 -> 1215 | V23: 764 | W23: 132 | X23: 319 | Y23: 8 | Z23: 76 | AA23: 0 | AB23: 0 | AC23: =AC22+Z23-AA23-AB23 -> 140
A24: 45890 | B24: 목 | C24: 18 | D24: 5 | E24: =C24+D24 -> 23 | F24: 4 | G24: 1 | H24: =F24+G24 -> 5 | I24: 출고 1 | J24: 2 | L24: 0 | M24: 0 | N24: 90 | O24: WMG 작업 | P24: =Q24+V24 -> 3625 | Q24: =R24+S24+T24 -> 2790 | R24: 0 | S24: 30 | T24: 2760 | U24: =V24+W24+X24 -> 1372 | V24: 835 | W24: 1 | X24: 536 | Y24: 28 | Z24: 117 | AA24: 0 | AB24: 0 | AC24: =AC23+Z24-AA24-AB24 -> 257
A25: 45891 | B25: 금 | C25: 18 | D25: 0 | E25: =C25+D25 -> 18 | F25: 4 | G25: 6 | H25: =F25+G25 -> 10 | I25: 출고 4 / 라벨 2 | P25: =Q25+V25 -> 4864 | Q25: =R25+S25+T25 -> 4097 | R25: 0 | S25: 92 | T25: 4005 | U25: =V25+W25+X25 -> 1899 | V25: 767 | W25: 113 | X25: 1019 | Y25: 31 | Z25: 30 | AA25: 257 | AB25: 0 | AC25: =AC24+Z25-AA25-AB25 -> 30
A26: 45892 | B26: 토 | C26: 2 | D26: 0 | E26: =C26+D26 -> 2 | F26: 0 | G26: 0 | H26: =F26+G26 -> 0 | P26: =Q26+V26 -> 212 | Q26: =R26+S26+T26 -> 136 | R26: 0 | S26: 0 | T26: 136 | U26: =V26+W26+X26 -> 212 | V26: 76 | W26: 0 | X26: 136 | Y26: 0 | Z26: 0 | AA26: 0 | AB26: 0 | AC26: =AC25+Z26-AA26-AB26 -> 30
A27: 45893 | B27: 일 | C27: 2 | D27: 0 | E27: =C27+D27 -> 2 | F27: 0 | G27: 0 | H27: =F27+G27 -> 0 | P27: =Q27+V27 -> 168 | Q27: =R27+S27+T27 -> 168 | R27: 0 | S27: 0 | T27: 168 | U27: =V27+W27+X27 -> 168 | V27: 0 | W27: 0 | X27: 168 | Y27: 0 | Z27: 0 | AA27: 0 | AB27: 0 | AC27: =AC26+Z27-AA27-AB27 -> 30
A28: 45894 | B28: 월 | C28: 16 | D28: 0 | E28: =C28+D28 -> 16 | F28: 3 | G28: 6 | H28: =F28+G28 -> 9 | I28: 출고 4 / 라벨 2 | J28: 4 | L28: 1 | M28: 3 | N28: 90 | O28: 풀필먼트 출고 | P28: =Q28+V28 -> 6632 | Q28: =R28+S28+T28 -> 4361 | R28: 0 | S28: 58 | T28: 4303 | U28: =V28+W28+X28 -> 2591 | V28: 2271 | W28: 21 | X28: 299 | Y28: 96 | Z28: 78 | AA28: 0 | AB28: 0 | AC28: =AC27+Z28-AA28-AB28 -> 108
A29: 45895 | B29: 화 | C29: 17 | D29: 0 | E29: =C29+D29 -> 17 | F29: 4 | G29: 11 | H29: =F29+G29 -> 15 | I29: 출고 11 | P29: =Q29+V29 -> 4764 | Q29: =R29+S29+T29 -> 3764 | R29: 0 | S29: 10 | T29: 3754 | U29: =V29+W29+X29 -> 2941 | V29: 1000 | W29: 154 | X29: 1787 | Y29: 93 | Z29: 99 | AA29: 0 | AB29: 0 | AC29: =AC28+Z29-AA29-AB29 -> 207
A30: 45896 | B30: 수 | C30: 16 | D30: 0 | E30: =C30+D30 -> 16 | F30: 4 | G30: 12 | H30: =F30+G30 -> 16 | I30: 출고 6 / 라벨 6 | P30: =Q30+V30 -> 7003 | Q30: =R30+S30+T30 -> 6087 | R30: 0 | S30: 71 | T30: 6016 | U30: =V30+W30+X30 -> 1879 | V30: 916 | W30: 159 | X30: 804 | Y30: 90 | Z30: 57 | AA30: 204 | AB30: 0 | AC30: =AC29+Z30-AA30-AB30 -> 60
A31: 45897 | B31: 목 | C31: 17 | D31: 0 | E31: =C31+D31 -> 17 | F31: 4 | G31: 10 | H31: =F31+G31 -> 14 | I31: 출고 4 / 라벨 6 | P31: =Q31+V31 -> 5425 | Q31: =R31+S31+T31 -> 4608 | R31: 0 | S31: 48 | T31: 4560 | U31: =V31+W31+X31 -> 2031 | V31: 817 | W31: 8 | X31: 1206 | Y31: 95 | Z31: 87 | AA31: 0 | AB31: 0 | AC31: =AC30+Z31-AA31-AB31 -> 147
A32: 45898 | B32: 금 | C32: 13.5 | D32: 0 | E32: =C32+D32 -> 13.5 | F32: 4 | G32: 14 | H32: =F32+G32 -> 18 | I32: 출고 10 / 라벨 4 | P32: =Q32+V32 -> 6172 | Q32: =R32+S32+T32 -> 5506 | R32: 0 | S32: 40 | T32: 5466 | U32: =V32+W32+X32 -> 2506 | V32: 666 | W32: 3 | X32: 1837 | Y32: 92 | Z32: 137 | AA32: 145 | AB32: 0 | AC32: =AC31+Z32-AA32-AB32 -> 139
A33: 45899 | B33: 토 | C33: 2 | D33: 0 | E33: =C33+D33 -> 2 | F33: 0 | G33: 0 | H33: =F33+G33 -> 0 | P33: =Q33+V33 -> 242 | Q33: =R33+S33+T33 -> 168 | R33: 0 | S33: 0 | T33: 168 | U33: =V33+W33+X33 -> 242 | V33: 74 | W33: 0 | X33: 168 | Y33: 0 | Z33: 0 | AA33: 0 | AB33: 0 | AC33: =AC32+Z33-AA33-AB33 -> 139
A34: 45900 | B34: 일 | C34: 2 | D34: 0 | E34: =C34+D34 -> 2 | F34: 0 | G34: 0 | H34: =F34+G34 -> 0 | P34: =Q34+V34 -> 487 | Q34: =R34+S34+T34 -> 487 | R34: 0 | S34: 0 | T34: 487 | U34: =V34+W34+X34 -> 456 | V34: 0 | W34: 0 | X34: 456 | Y34: 0 | Z34: 0 | AA34: 0 | AB34: 0 | AC34: =AC33+Z34-AA34-AB34 -> 139
A35: 합계 | C35: =SUM(C4:C34) -> 368.5 | D35: =SUM(D4:D34) -> 42 | E35: =SUM(E4:E34) -> 410.5 | F35: =SUM(F4:F34) -> 95 | G35: =SUM(G4:G34) -> 100 | H35: =SUM(H4:H34) -> 195 | J35: =SUM(J4:J34) -> 132 | L35: =SUM(L4:L34) -> 22 | M35: =SUM(M4:M34) -> 15 | N35: =SUM(N4:N34) -> 1530 | P35: =SUM(P4:P34) -> 138692 | Q35: =SUM(Q4:Q34) -> 113192 | R35: =SUM(R4:R34) -> 0 | S35: =SUM(S4:S34) -> 1053 | T35: =SUM(T4:T34) -> 112139 | U35: =SUM(U4:U34) -> 54057 | V35: =SUM(V4:V34) -> 25500 | W35: =SUM(W4:W34) -> 1585 | ... AB35: =SUM(AB4:AB34) -> 1
A36: ▣ 참고사항 (단기 충원 사유)
A37: ① OPS 단기 1명 고정 투입 중(입고 홍순호과장 퇴사 후 OPS 김필재대리 입고파트로 전환 배치 후 정직원이 아닌 단기 인력 투입)
A38: ② 월, 화 VTPL 출고 화물 (15시 기준) 당일 출고 (1~2명)
A39: ③ VTPL 국내 행사 사전 공유 시 1~2명 투입
A40: ④ B2B 출고 요청 작업 발생 시
A41: ⑤ 정직원 휴가 시 등등

Sheet 9월
A1: 일자 | B1: 요일 | L1: 운영 근무자 잔업 | R1: 영종ALL | S1: OPS 출하건수 | W1: WMS 작업건수 | AA1: B2B | AB1: WMG | AF1: 비고
C2: 정직원 | F2: 협력사원 | J2: 야간 | K2: 단기충원사유
C3: OPS, QFC | D3: 마곡지원 | E3: 합계 | F3: 장기협력사원 | G3: 단기협력사원 | H3: 직원단기 | I3: 합계 | J3: 단기협력사원 | L3: OPS, QFC | M3: 에러,입고,픽업 | N3: 장기협력사원 | O3: 단기협력사원 | P3: 잔업시간(분) | Q3: 잔업사유 | R3: ALL | S3: KR-All | T3: KRKR | U3: KR-Oversea | V3: KRJP | W3: KR-All | X3: KRKR | Y3: KR-Oversea | Z3: KRJP | AA3: 출고 건수 | AB3: 입고건수 | AC3: 출고건수 | AD3: 반송 | AE3: 미출고
A4: 45901 | B4: 월 | C4: 10 | D4: =4+5 -> 9 | E4: =C4+D4 -> 19 | F4: 5 | G4: 24 | H4: 0 | I4: =F4+G4+H4 -> 29 | J4: 0 | K4: 메가와리 출고 | L4: 9 | N4: 5 | O4: =3+4 -> 7 | P4: 120~300 | Q4: 메가와리 출고 | R4: =S4+X4 -> 20408 | S4: =T4+U4+V4 -> 18598 | T4: 0 | U4: 25 | V4: 18573 | W4: =X4+Y4+Z4 -> 6999 | X4: 1810 | Y4: 107 | Z4: 5082 | AA4: 91 | AB4: 105 | AC4: 0 | AD4: 0 | AE4: =139+AB4-AC4-AD4 -> 244
A5: 45902 | B5: 화 | C5: 10 | D5: 17 | E5: =C5+D5 -> 27 | F5: 5 | G5: 24 | H5: 0 | I5: =F5+G5+H5 -> 29 | J5: 0 | K5: 메가와리 출고 | L5: 9 | N5: 5 | O5: 8 | P5: 120~240 | Q5: 메가와리 출고 | R5: =S5+X5 -> 25165 | S5: =T5+U5+V5 -> 24550 | T5: 0 | U5: 18 | V5: 24532 | W5: =X5+Y5+Z5 -> 6861 | X5: 615 | Y5: 6 | Z5: 6240 | AA5: 91 | AB5: 131 | AC5: 0 | AD5: 0 | AE5: =AE4+AB5-AC5-AD5 -> 375
A6: 45903 | B6: 수 | C6: 10 | D6: 16 | E6: =C6+D6 -> 26 | F6: 5 | G6: 53.5 | H6: 0 | I6: =F6+G6+H6 -> 58.5 | J6: 16 | K6: 메가와리 출고 | L6: 9 | N6: 5 | O6: 15 | P6: 120~270 | Q6: 메가와리 출고 | R6: =S6+X6 -> 27174 | S6: =T6+U6+V6 -> 26241 | T6: 0 | U6: 0 | V6: 26241 | W6: =X6+Y6+Z6 -> 8105 | X6: 933 | Y6: 5 | Z6: 7167 | AA6: 93 | AB6: 124 | AC6: 372 | AD6: 0 | AE6: =AE5+AB6-AC6-AD6 -> 127
A7: 45904 | B7: 목 | C7: 9 | D7: 7 | E7: =C7+D7 -> 16 | F7: 5 | G7: 41 | H7: 2 | I7: =F7+G7+H7 -> 48 | J7: 9 | K7: 메가와리 출고 | L7: 9 | N7: 5 | O7: 11 | P7: 120~180 | Q7: 메가와리 출고 | R7: =S7+X7 -> 36884 | S7: =T7+U7+V7 -> 35672 | T7: 0 | U7: 62 | V7: 35610 | W7: =X7+Y7+Z7 -> 5838 | X7: 1212 | Y7: 6 | Z7: 4620 | AA7: 91 | AB7: 268 | AC7: 0 | AD7: 0 | AE7: =AE6+AB7-AC7-AD7 -> 395
A8: 45905 | B8: 금 | C8: 10 | D8: 13 | E8: =C8+D8 -> 23 | F8: 5 | G8: 29 | H8: 2 | I8: =F8+G8+H8 -> 36 | J8: 13 | K8: 메가와리 출고 | L8: 9 | N8: 5 | O8: 7 | P8: 120~450 | Q8: 메가와리 출고 | R8: =S8+X8 -> 29645 | S8: =T8+U8+V8 -> 28885 | T8: 0 | U8: 39 | V8: 28846 | W8: =X8+Y8+Z8 -> 5170 | X8: 760 | Y8: 7 | Z8: 4403 | AA8: 102 | AB8: 0 | AC8: 369 | AD8: 0 | AE8: =AE7+AB8-AC8-AD8 -> 26
A9: 45906 | B9: 토 | C9: 8 | D9: 8 | E9: =C9+D9 -> 16 | F9: 5 | G9: 15 | H9: 4 | I9: =F9+G9+H9 -> 24 | J9: 0 | K9: 메가와리 출고 | R9: =S9+X9 -> 21336 | S9: =T9+U9+V9 -> 21232 | T9: 0 | U9: 91 | V9: 21141 | W9: =X9+Y9+Z9 -> 2583 | X9: 104 | Y9: 193 | Z9: 2286 | AA9: 0 | AB9: 0 | AC9: 0 | AD9: 0 | AE9: =AE8+AB9-AC9-AD9 -> 26
A10: 45907 | B10: 일 | C10: 10 | D10: 8 | E10: =C10+D10 -> 18 | F10: 5 | G10: 17 | H10: 4 | I10: =F10+G10+H10 -> 26 | J10: 0 | K10: 메가와리 출고 | R10: =S10+X10 -> 21980 | S10: =T10+U10+V10 -> 21732 | T10: 0 | U10: 28 | V10: 21704 | W10: =X10+Y10+Z10 -> 3147 | X10: 248 | Y10: 141 | Z10: 2758 | AA10: 0 | AB10: 0 | AC10: 0 | AD10: 0 | AE10: =AE9+AB10-AC10-AD10 -> 26
A11: 45908 | B11: 월 | C11: 9.5 | D11: 5 | E11: =C11+D11 -> 14.5 | F11: 5 | G11: 41 | H11: 4 | I11: =F11+G11+H11 -> 50 | J11: 0 | K11: 메가와리 출고 | L11: 8 | N11: 5 | O11: 11 | P11: 120~180 | Q11: 메가와리 출고 | R11: =S11+X11 -> 37045 | S11: =T11+U11+V11 -> 34916 | T11: 0 | U11: 53 | V11: 34863 | W11: =X11+Y11+Z11 -> 5941 | X11: 2129 | Y11: 27 | Z11: 3785 | AA11: 96 | AB11: 196 | AC11: 0 | AD11: 0 | AE11: =AE10+AB11-AC11-AD11 -> 222
A12: 45909 | B12: 화 | C12: 10 | D12: 5 | E12: =C12+D12 -> 15 | F12: 5 | G12: 27 | H12: 4 | I12: =F12+G12+H12 -> 36 | J12: 0 | K12: 메가와리 출고 | L12: 9 | N12: 5 | O12: 11 | P12: 120~180 | Q12: 메가와리 출고 | R12: =S12+X12 -> 18919 | S12: =T12+U12+V12 -> 17795 | T12: 0 | U12: 16 | V12: 17779 | W12: =X12+Y12+Z12 -> 6570 | X12: 1124 | Y12: 34 | Z12: 5412 | AA12: 117 | AB12: 49 | AC12: 0 | AD12: 0 | AE12: =AE11+AB12-AC12-AD12 -> 271
A13: 45910 | B13: 수 | C13: 10 | D13: 4 | E13: =C13+D13 -> 14 | F13: 5 | G13: 29 | H13: 2 | I13: =F13+G13+H13 -> 36 | J13: 0 | K13: 메가와리 출고 | L13: 9 | N13: 5 | O13: 7 | P13: 120~180 | Q13: 메가와리 출고 | R13: =S13+X13 -> 27643 | S13: =T13+U13+V13 -> 26516 | T13: 0 | U13: 53 | V13: 26463 | W13: =X13+Y13+Z13 -> 4161 | X13: 1127 | Y13: 46 | Z13: 2988 | AA13: 4 | AB13: 98 | AC13: 343 | AD13: 0 | AE13: =AE12+AB13-AC13-AD13 -> 26
A14: 45911 | B14: 목 | C14: 10 | D14: 3 | E14: =C14+D14 -> 13 | F14: 5 | G14: 15 | H14: 2 | I14: =F14+G14+H14 -> 22 | J14: 0 | K14: 메가와리 출고 | L14: 9 | N14: 4 | O14: 2 | P14: 120~180 | Q14: 메가와리 출고 | R14: =S14+X14 -> 23650 | S14: =T14+U14+V14 -> 22598 | T14: 0 | U14: 35 | V14: 22563 | W14: =X14+Y14+Z14 -> 2815 | X14: 1052 | Y14: 35 | Z14: 1728 | AA14: 6 | AB14: 126 | AC14: 0 | AD14: 0 | AE14: =AE13+AB14-AC14-AD14 -> 152
A15: 45912 | B15: 금 | C15: 12 | D15: 2 | E15: =C15+D15 -> 14 | F15: 5 | G15: 24 | H15: 2 | I15: =F15+G15+H15 -> 31 | J15: 0 | K15: 메가와리 출고 / 라벨 2 | L15: 9 | N15: 5 | O15: 14 | P15: 120 | Q15: 메가와리 출고 | R15: =S15+X15 -> 29349 | S15: =T15+U15+V15 -> 27674 | T15: 0 | U15: 46 | V15: 27628 | W15: =X15+Y15+Z15 -> 3403 | X15: 1675 | Y15: 13 | Z15: 1715 | AA15: 1 | AB15: 72 | AC15: 123 | AD15: 0 | AE15: =AE14+AB15-AC15-AD15 -> 101
A16: 45913 | B16: 토 | C16: 10 | D16: 2 | E16: =C16+D16 -> 12 | F16: 5 | G16: 7 | H16: 0 | I16: =F16+G16+H16 -> 12 | J16: 0 | K16: 메가와리 출고 | R16: =S16+X16 -> 19136 | S16: =T16+U16+V16 -> 19136 | T16: 0 | U16: 23 | V16: 19113 | W16: =X16+Y16+Z16 -> 2203 | X16: 0 | Y16: 1 | Z16: 2202 | AA16: 0 | AB16: 0 | AC16: 0 | AD16: 0 | AE16: =AE15+AB16-AC16-AD16 -> 101
A17: 45914 | B17: 일 | C17: 10 | D17: 0 | E17: =C17+D17 -> 10 | F17: 3 | G17: 15 | H17: 0 | I17: =F17+G17+H17 -> 18 | J17: 0 | K17: 메가와리 출고 | R17: =S17+X17 -> 20505 | S17: =T17+U17+V17 -> 20370 | T17: 0 | U17: 27 | V17: 20343 | W17: =X17+Y17+Z17 -> 739 | X17: 135 | Y17: 0 | Z17: 604 | AA17: 0 | AB17: 0 | AC17: 0 | AD17: 0 | AE17: =AE16+AB17-AC17-AD17 -> 101
A18: 45915 | B18: 월 | C18: 12 | D18: 0 | E18: =C18+D18 -> 12 | F18: 5 | G18: 10 | H18: 0 | I18: =F18+G18+H18 -> 15 | J18: 0 | K18: 메가와리 출고 / 라벨 2 | L18: 11 | N18: 5 | P18: 90~210 | Q18: 메가와리 출고 | R18: =S18+X18 -> 14500 | S18: =T18+U18+V18 -> 12392 | T18: 0 | U18: 9 | V18: 12383 | W18: =X18+Y18+Z18 -> 2825 | X18: 2108 | Y18: 46 | Z18: 671 | AA18: 2 | AB18: 248 | AC18: 0 | AD18: 0 | AE18: =AE17+AB18-AC18-AD18 -> 349
A19: 45916 | B19: 화 | C19: 12 | D19: 0 | E19: =C19+D19 -> 12 | F19: 5 | G19: 10 | H19: 0 | I19: =F19+G19+H19 -> 15 | J19: 0 | K19: 출고 8 / 라벨 2 | L19: 2 | N19: 0 | O19: 0 | P19: 210 | Q19: 풀필먼트 잔업 | R19: =S19+X19 -> 11081 | S19: =T19+U19+V19 -> 10309 | T19: 0 | U19: 26 | V19: 10283 | W19: =X19+Y19+Z19 -> 3488 | X19: 772 | Y19: 25 | Z19: 2691 | AA19: 5 | AB19: 63 | AC19: 0 | AD19: 0 | AE19: =AE18+AB19-AC19-AD19 -> 412
A20: 45917 | B20: 수 | C20: 10 | D20: 0 | E20: =C20+D20 -> 10 | F20: 5 | G20: 12 | H20: 0 | I20: =F20+G20+H20 -> 17 | J20: 0 | K20: 출고10/라벨 2 | L20: 3 | N20: 0 | O20: 0 | P20: 360 | Q20: 풀필먼트 잔업 | R20: =S20+X20 -> 13476 | S20: =T20+U20+V20 -> 12342 | T20: 0 | U20: 69 | V20: 12273 | W20: =X20+Y20+Z20 -> 2190 | X20: 1134 | Y20: 101 | Z20: 955 | AA20: 5 | AB20: 76 | AC20: 270 | AD20: 0 | AE20: =AE19+AB20-AC20-AD20 -> 218
A21: 45918 | B21: 목 | C21: 11 | D21: 0 | E21: =C21+D21 -> 11 | F21: 5 | G21: =2+4+2 -> 8 | H21: 0 | I21: =F21+G21+H21 -> 13 | J21: 0 | K21: 출고8 | L21: 4 | N21: 0 | O21: 0 | P21: 360 | Q21: 레이아웃 변경 | R21: =S21+X21 -> 6771 | S21: =T21+U21+V21 -> 5669 | T21: 0 | U21: 37 | V21: 5632 | W21: =X21+Y21+Z21 -> 1973 | X21: 1102 | Y21: 15 | Z21: 856 | AA21: 6 | AB21: 0 | AC21: 0 | AD21: 0 | AE21: =AE20+AB21-AC21-AD21 -> 218
A22: 45919 | B22: 금 | C22: 11 | D22: 0 | E22: =C22+D22 -> 11 | F22: 5 | G22: 9 | H22: 0 | I22: =F22+G22+H22 -> 14 | J22: 0 | K22: 출고 7 / 라벨 2 | L22: 1 | N22: 0 | O22: 0 | P22: 420 | Q22: B2B | R22: =S22+X22 -> 6602 | S22: =T22+U22+V22 -> 5570 | T22: 0 | U22: 127 | V22: 5443 | W22: =X22+Y22+Z22 -> 1540 | X22: 1032 | Y22: 17 | Z22: 491 | AA22: 12 | AB22: 0 | AC22: 49 | AD22: 0 | AE22: =AE21+AB22-AC22-AD22 -> 169
A23: 45920 | B23: 토 | C23: 2 | D23: 0 | E23: =C23+D23 -> 2 | F23: 0 | G23: 0 | H23: 0 | I23: =F23+G23+H23 -> 0 | J23: 0 | R23: =S23+X23 -> 28 | S23: =T23+U23+V23 -> 28 | T23: 0 | U23: 0 | V23: 28 | W23: =X23+Y23+Z23 -> 159 | X23: 0 | Y23: 131 | Z23: 28 | AA23: 0 | AB23: 0 | AC23: 0 | AD23: 0 | AE23: =AE22+AB23-AC23-AD23 -> 169
A24: 45921 | B24: 일 | C24: 2 | D24: 0 | E24: =C24+D24 -> 2 | F24: 0 | G24: 0 | H24: 0 | I24: =F24+G24+H24 -> 0 | J24: 0 | R24: =S24+X24 -> 314 | S24: =T24+U24+V24 -> 314 | T24: 0 | U24: 0 | V24: 314 | W24: =X24+Y24+Z24 -> 322 | X24: 0 | Y24: 23 | Z24: 299 | AA24: 0 | AB24: 0 | AC24: 0 | AD24: 0 | AE24: =AE23+AB24-AC24-AD24 -> 169
A25: 45922 | B25: 월 | C25: 12 | D25: 0 | E25: =C25+D25 -> 12 | F25: 5 | G25: 8 | H25: 0 | I25: =F25+G25+H25 -> 13 | J25: 0 | K25: 출고 6 / 라벨 2 | L25: 3 | N25: 0 | O25: 0 | P25: 360 | Q25: 풀필먼트 잔업 | R25: =S25+X25 -> 5238 | S25: =T25+U25+V25 -> 3030 | T25: 0 | U25: 34 | V25: 2996 | W25: =X25+Y25+Z25 -> 2676 | X25: 2208 | Y25: 50 | Z25: 418 | AA25: 6 | AB25: 0 | AC25: 0 | AD25: 0 | AE25: =AE24+AB25-AC25-AD25 -> 169
A26: 45923 | B26: 화 | C26: 11 | D26: 0 | E26: =C26+D26 -> 11 | F26: 5 | G26: 9 | H26: 0 | I26: =F26+G26+H26 -> 14 | J26: 0 | K26: 출고7/ 라벨2 | L26: 2 | N26: 0 | O26: 0 | P26: 270 | Q26: 풀필먼트 잔업 | R26: =S26+X26 -> 5141 | S26: =T26+U26+V26 -> 4272 | T26: 0 | U26: 75 | V26: 4197 | W26: =X26+Y26+Z26 -> 2676 | X26: 869 | Y26: 26 | Z26: 1781 | AA26: 7 | AB26: 0 | AC26: 0 | AD26: 0 | AE26: =AE25+AB26-AC26-AD26 -> 169
A27: 45924 | B27: 수 | C27: 12 | D27: 0 | E27: =C27+D27 -> 12 | F27: 5 | G27: 7 | H27: 0 | I27: =F27+G27+H27 -> 12 | J27: 0 | K27: 출고6/ 라벨1 | L27: 3 | N27: 0 | O27: 0 | P27: 120~210 | Q27: 풀필먼트 잔업 | R27: =S27+X27 -> 5401 | S27: =T27+U27+V27 -> 4559 | T27: 0 | U27: 81 | V27: 4478 | W27: =X27+Y27+Z27 -> 1516 | X27: 842 | Y27: 72 | Z27: 602 | AA27: 10 | AB27: 499 | AC27: 0 | AD27: 0 | AE27: =AE26+AB27-AC27-AD27 -> 668
A28: 45925 | B28: 목 | C28: 12 | D28: 0 | E28: =C28+D28 -> 12 | F28: 5 | G28: 8 | H28: 0 | I28: =F28+G28+H28 -> 13 | J28: 0 | K28: 출고 6 / 라벨 2 | L28: 4 | N28: 0 | O28: 0 | P28: 120 | Q28: 풀필먼트 잔업 (쉽너지) | R28: =S28+X28 -> 3115 | S28: =T28+U28+V28 -> 2258 | T28: 0 | U28: 33 | V28: 2225 | W28: =X28+Y28+Z28 -> 1416 | X28: 857 | Y28: 25 | Z28: 534 | AA28: 9 | AB28: 28 | AC28: 0 | AD28: 114 | AE28: =AE27+AB28-AC28-AD28 -> 582
A29: 45926 | B29: 금 | C29: 10.5 | D29: 0 | E29: =C29+D29 -> 10.5 | F29: 5 | G29: 8 | H29: 0 | I29: =F29+G29+H29 -> 13 | J29: 0 | K29: 출고 6 / 라벨 2 | R29: =S29+X29 -> 3556 | S29: =T29+U29+V29 -> 2601 | T29: 0 | U29: 55 | V29: 2546 | W29: =X29+Y29+Z29 -> 1588 | X29: 955 | Y29: 130 | Z29: 503 | AA29: 2 | AC29: 511
A30: 45927 | B30: 토 | C30: 2 | D30: 0 | E30: =C30+D30 -> 2 | F30: 0 | G30: 0 | H30: 0 | I30: =F30+G30+H30 -> 0 | J30: 0 | R30: =S30+X30 -> 22 | S30: =T30+U30+V30 -> 22 | T30: 0 | U30: 0 | V30: 22 | W30: =X30+Y30+Z30 -> 22 | X30: 0 | Y30: 0 | Z30: 22 | AA30: 0
A31: 45928 | B31: 일 | C31: 2 | D31: 0 | E31: =C31+D31 -> 2 | F31: 0 | G31: 0 | H31: 0 | I31: =F31+G31+H31 -> 0 | J31: 0 | R31: =S31+X31 -> 23 | S31: =T31+U31+V31 -> 23 | T31: 0 | U31: 0 | V31: 23 | W31: =X31+Y31+Z31 -> 23 | X31: 0 | Y31: 0 | Z31: 23 | AA31: 0
A32: 45929 | B32: 월 | C32: 12 | D32: 0 | E32: =C32+D32 -> 12 | F32: 5 | G32: 6 | H32: 0 | I32: =F32+G32+H32 -> 11 | J32: 0 | K32: 출고 4 / 라벨2 | L32: 11 | N32: 0 | O32: 0 | P32: 90~300 | Q32: 풀필먼트 잔업 | R32: =S32+X32 -> 4663 | S32: =T32+U32+V32 -> 2586 | T32: 0 | U32: 62 | V32: 2524 | W32: =X32+Y32+Z32 -> 2656 | X32: 2077 | Y32: 82 | Z32: 497 | AA32: 2
A33: 45930 | B33: 화 | C33: 13 | D33: 0 | E33: =C33+D33 -> 13 | F33: 5 | G33: 7 | H33: 0 | I33: =F33+G33+H33 -> 12 | J33: 0 | K33: 출고 5 / 라벨2 | L33: 3 | N33: 0 | O33: 0 | P33: 360 | Q33: 풀필먼트 / 퇴점 작업 / 정산 | R33: =S33+X33 -> 4383 | S33: =T33+U33+V33 -> 3594 | T33: 0 | U33: 67 | V33: 3527 | W33: =X33+Y33+Z33 -> 2320 | X33: 789 | Y33: 78 | Z33: 1453 | AA33: 2
A34: 합계 | C34: =SUM(C4:C33) -> 285 | D34: =SUM(D4:D33) -> 99 | E34: =SUM(E4:E33) -> 384 | F34: =SUM(F4:F33) -> 128 | G34: =SUM(G4:G33) -> 463.5 | H34: =SUM(H4:H33) -> 26 | I34: =SUM(I4:I33) -> 617.5 | J34: =SUM(J4:J33) -> 38 | L34: =SUM(L4:L33) -> 136 | N34: =SUM(N4:N33) -> 54 | O34: =SUM(O4:O33) -> 93 | P34: =SUM(P4:P33) -> 2580 | R34: =SUM(R4:R33) -> 443153 | S34: =SUM(S4:S33) -> 415484 | T34: =SUM(T4:T33) -> 0 | U34: =SUM(U4:U33) -> 1191 | V34: =SUM(V4:V33) -> 414293 | W34: =SUM(W4:W33) -> 91925 | X34: =SUM(X4:X33) -> 27669 | Y34: =SUM(Y4:Y33) -> 1442 | ... AD34: =SUM(AD4:AD33) -> 114
A35: ▣ 참고사항 (단기 충원 사유)
A36: ① OPS 단기 1명 고정 투입 중(입고 홍순호과장 퇴사 후 OPS 김필재대리 입고파트로 전환 배치 후 정직원이 아닌 단기 인력 투입)
A37: ② 월, 화 VTPL 출고 화물 (15시 기준) 당일 출고 (1~2명)
A38: ③ VTPL 국내 행사 사전 공유 시 1~2명 투입
A39: ④ B2B 출고 요청 작업 발생 시
A40: ⑤ 정직원 휴가 시 등등

Sheet 10월
A1: 일자 | B1: 요일 | J1: 운영 근무자 잔업 | P1: 영종ALL | Q1: OPS 출하건수 | U1: WMS 작업건수 (Fulfillment) | Z1: B2B | AA1: WMG | AE1: 비고
C2: 정직원 | E2: 협력사원 | H2: 야간 | I2: 단기충원사유
C3: OPS, QFC | D3: 합계 | E3: 장기협력사원 | F3: 단기협력사원 | G3: 합계 | H3: 단기협력사원 | J3: OPS, QFC | K3: 에러,입고,픽업 | L3: 장기협력사원 | M3: 단기협력사원 | N3: 잔업시간(분) | O3: 잔업사유 | P3: ALL | Q3: KR-All | R3: KRKR | S3: KR-Oversea | T3: KRJP | U3: KR-All | V3: KRKR | W3: KR-Oversea | Y3: KRJP | Z3: 출고 건수 | AA3: 입고건수 | AB3: 출고건수 | AC3: 반송 | AD3: 미출고
W4: WMS | X4: 이벗매니저
A5: 45931 | B5: 수 | C5: 13 | D5: =C5 -> 13 | E5: 5 | F5: 7 | G5: =E5+F5 -> 12 | I5: 메가포, 출고 5 / 라벨 2 | J5: 3 | N5: 210~270 | O5: 풀필먼트 (입고 / 정산 / B2B) | P5: =Q5+V5+X5 -> 4892 | Q5: =R5+S5+T5 -> 3978 | R5: 0 | S5: 103 | T5: 3875 | U5: =V5+W5+Y5+X5 -> 1501 | V5: 900 | W5: 3 | X5: 14 | Y5: 584 | Z5: 7
A6: 45932 | B6: 목 | C6: 12 | D6: =C6 -> 12 | E6: 4 | F6: 7 | G6: =E6+F6 -> 11 | I6: 메가포, 출고 5 / 라벨 2 | J6: 11 | N6: 120 | O6: 풀필먼트 / ops 출고 | P6: =Q6+V6+X6 -> 6209 | Q6: =R6+S6+T6 -> 5559 | R6: 0 | S6: 87 | T6: 5472 | U6: =V6+W6+Y6+X6 -> 1865 | V6: 631 | W6: 1 | X6: 19 | Y6: 1214 | Z6: 1
A7: 45933 | B7: 금 | C7: 1 | D7: =C7 -> 1 | E7: 0 | F7: 0 | G7: =E7+F7 -> 0 | I7: 메가포 | P7: =Q7+V7+X7 -> 148 | Q7: =R7+S7+T7 -> 148 | R7: 0 | S7: 0 | T7: 148 | U7: =V7+W7+Y7+X7 -> 148 | V7: 0 | W7: 0 | X7: 0 | Y7: 148 | Z7: 0
A8: 45934 | B8: 토 | C8: 0 | D8: =C8 -> 0 | E8: 0 | F8: 0 | G8: =E8+F8 -> 0 | P8: =Q8+V8+X8 -> 0 | Q8: =R8+S8+T8 -> 0 | R8: 0 | S8: 0 | T8: 0 | U8: =V8+W8+Y8+X8 -> 0 | V8: 0 | W8: 0 | X8: 0 | Y8: 0 | Z8: 0
A9: 45935 | B9: 일 | C9: 0 | D9: =C9 -> 0 | E9: 0 | F9: 0 | G9: =E9+F9 -> 0 | P9: =Q9+V9+X9 -> 0 | Q9: =R9+S9+T9 -> 0 | R9: 0 | S9: 0 | T9: 0 | U9: =V9+W9+Y9+X9 -> 0 | V9: 0 | W9: 0 | X9: 0 | Y9: 0 | Z9: 0
A10: 45936 | B10: 월 | C10: 0 | D10: =C10 -> 0 | E10: 0 | F10: 0 | G10: =E10+F10 -> 0 | P10: =Q10+V10+X10 -> 0 | Q10: =R10+S10+T10 -> 0 | R10: 0 | S10: 0 | T10: 0 | U10: =V10+W10+Y10+X10 -> 0 | V10: 0 | W10: 0 | X10: 0 | Y10: 0 | Z10: 0
A11: 45937 | B11: 화 | C11: 0 | D11: =C11 -> 0 | E11: 0 | F11: 0 | G11: =E11+F11 -> 0 | P11: =Q11+V11+X11 -> 0 | Q11: =R11+S11+T11 -> 0 | R11: 0 | S11: 0 | T11: 0 | U11: =V11+W11+Y11+X11 -> 0 | V11: 0 | W11: 0 | X11: 0 | Y11: 0 | Z11: 0
A12: 45938 | B12: 수 | C12: 0 | D12: =C12 -> 0 | E12: 0 | F12: 0 | G12: =E12+F12 -> 0 | P12: =Q12+V12+X12 -> 0 | Q12: =R12+S12+T12 -> 0 | R12: 0 | S12: 0 | T12: 0 | U12: =V12+W12+Y12+X12 -> 0 | V12: 0 | W12: 0 | X12: 0 | Y12: 0 | Z12: 0
A13: 45939 | B13: 목 | C13: 3 | D13: =C13 -> 3 | E13: 0 | F13: 0 | G13: =E13+F13 -> 0 | P13: =Q13+V13+X13 -> 133 | Q13: =R13+S13+T13 -> 133 | R13: 0 | S13: 0 | T13: 133 | U13: =V13+W13+Y13+X13 -> 132 | V13: 0 | W13: 0 | X13: 0 | Y13: 132 | Z13: 0
A14: 45940 | B14: 금 | C14: 14 | D14: =C14 -> 14 | E14: 5 | F14: 28 | G14: =E14+F14 -> 33 | I14: 출고 28 / (연휴 물량 처리) | J14: 12 | L14: 5 | M14: =8+5+6 -> 19 | N14: 90~120 | O14: 풀필먼트 / ops 출고 | P14: =Q14+V14+X14 -> 14412 | Q14: =R14+S14+T14 -> 8652 | R14: 0 | S14: 28 | T14: 8624 | U14: =V14+W14+Y14+X14 -> 7202 | V14: 5633 | W14: 0 | X14: 127 | Y14: 1442 | Z14: 3
A15: 45941 | B15: 토 | C15: =14-3 -> 11 | D15: =C15 -> 11 | E15: 4 | F15: 3 | G15: =E15+F15 -> 7 | P15: =Q15+V15+X15 -> 5904 | Q15: =R15+S15+T15 -> 5799 | R15: 0 | S15: 8 | T15: 5791 | U15: =V15+W15+Y15+X15 -> 3459 | V15: 105 | W15: 4 | X15: 0 | Y15: 3350 | Z15: 0
A16: 45942 | B16: 일 | C16: 1 | D16: =C16 -> 1 | E16: 0 | F16: 0 | G16: =E16+F16 -> 0 | P16: =Q16+V16+X16 -> 31 | Q16: =R16+S16+T16 -> 31 | R16: 0 | S16: 0 | T16: 31 | U16: =V16+W16+Y16+X16 -> 31 | V16: 0 | W16: 0 | X16: 0 | Y16: 31 | Z16: 0
A17: 45943 | B17: 월 | C17: 14 | D17: =C17 -> 14 | E17: 4 | F17: 28 | G17: =E17+F17 -> 32 | I17: 출고 28 | J17: 2 | N17: 210 | O17: 풀필먼트 | P17: =Q17+V17+X17 -> 16694 | Q17: =R17+S17+T17 -> 13855 | R17: 0 | S17: 87 | T17: 13768 | U17: =V17+W17+Y17+X17 -> 4935 | V17: 2760 | W17: 4 | X17: 79 | Y17: 2092 | Z17: 2
A18: 45944 | B18: 화 | C18: 14 | D18: =C18 -> 14 | E18: 4 | F18: =3+3+4 -> 10 | G18: =E18+F18 -> 14 | I18: 출고 8 / 라벨 2 | J18: 1 | N18: 90 | O18: 풀필먼트 | P18: =Q18+V18+X18 -> 7762 | Q18: =R18+S18+T18 -> 6584 | R18: 0 | S18: 124 | T18: 6460 | U18: =V18+W18+Y18+X18 -> 2206 | V18: 1000 | W18: 9 | X18: 178 | Y18: 1019 | Z18: 2
A19: 45945 | B19: 수 | C19: 13 | D19: =C19 -> 13 | E19: 8 | F19: 6 | G19: =E19+F19 -> 14 | I19: 출고 4 / 라벨 2 | P19: =Q19+V19+X19 -> 7261 | Q19: =R19+S19+T19 -> 6347 | R19: 0 | S19: 145 | T19: 6202 | U19: =V19+W19+Y19+X19 -> 2118 | V19: 894 | W19: 2 | X19: 20 | Y19: 1202 | Z19: 4
A20: 45946 | B20: 목 | C20: 13.5 | D20: =C20 -> 13.5 | E20: 8 | F20: 4 | G20: =E20+F20 -> 12 | I20: 출고 2 / 라벨 2 | J20: 13 | O20: 디엑스엔브이엑스, 시온코스메틱 퇴점 작업 상상인터내셔날 행사로 물량 증가 (776건) | P20: =Q20+V20+X20 -> 5440 | Q20: =R20+S20+T20 -> 4254 | R20: 0 | S20: 123 | T20: 4131 | U20: =V20+W20+Y20+X20 -> 2253 | V20: 986 | W20: 6 | X20: 200 | Y20: 1061 | Z20: 2
A21: 45947 | B21: 금 | C21: 15 | D21: =C21 -> 15 | E21: 6 | F21: 11 | G21: =E21+F21 -> 17 | I21: 출고 11 | J21: 3 | N21: 120~150 | O21: B2B | P21: =Q21+V21+X21 -> 5264 | Q21: =R21+S21+T21 -> 4129 | R21: 0 | S21: 84 | T21: 4045 | U21: =V21+W21+Y21+X21 -> 2549 | V21: 931 | W21: 11 | X21: 204 | Y21: 1403 | Z21: 5
A22: 45948 | B22: 토 | C22: 2 | D22: =C22 -> 2 | E22: 0 | F22: 0 | G22: =E22+F22 -> 0 | P22: =Q22+V22+X22 -> 199 | Q22: =R22+S22+T22 -> 199 | R22: 0 | S22: 0 | T22: 199 | U22: =V22+W22+Y22+X22 -> 199 | V22: 0 | W22: 0 | X22: 0 | Y22: 199 | Z22: 0
A23: 45949 | B23: 일 | C23: 1 | D23: =C23 -> 1 | E23: 0 | F23: 0 | G23: =E23+F23 -> 0 | P23: =Q23+V23+X23 -> 29 | Q23: =R23+S23+T23 -> 29 | R23: 0 | S23: 0 | T23: 29 | U23: =V23+W23+Y23+X23 -> 29 | V23: 0 | W23: 0 | X23: 0 | Y23: 29 | Z23: 0
A24: 45950 | B24: 월 | C24: 14.5 | D24: =C24 -> 14.5 | E24: 8 | F24: 9 | G24: =E24+F24 -> 17 | I24: 출고 9 | J24: 14 | N24: 90~ | O24: 풀필먼트 / ops 출고 | P24: =Q24+V24+X24 -> 6846 | Q24: =R24+S24+T24 -> 4267 | R24: 0 | S24: 72 | T24: 4195 | U24: =V24+W24+Y24+X24 -> 3956 | V24: 2525 | W24: 2 | X24: 54 | Y24: 1375 | Z24: 2
A25: 45951 | B25: 화 | C25: 13 | D25: =C25 -> 13 | E25: 8 | F25: 8 | G25: =E25+F25 -> 16 | I25: 출고 8 | J25: 2 | N25: 120~ | O25: B2B / 입고 | P25: =Q25+V25+X25 -> 5370 | Q25: =R25+S25+T25 -> 4057 | R25: 0 | S25: 77 | T25: 3980 | U25: =V25+W25+Y25+X25 -> 2920 | V25: 995 | W25: 8 | X25: 318 | Y25: 1599 | Z25: 4
A26: 45952 | B26: 수 | C26: 12 | D26: =C26 -> 12 | E26: 8 | F26: 4 | G26: =E26+F26 -> 12 | I26: 출고 4 | J26: 3 | N26: 120~150 | O26: 재고조사 | P26: =Q26+V26+X26 -> 4621 | Q26: =R26+S26+T26 -> 3456 | R26: 0 | S26: 116 | T26: 3340 | U26: =V26+W26+Y26+X26 -> 2273 | V26: 944 | W26: 5 | X26: 221 | Y26: 1103 | Z26: 4
A27: 45953 | B27: 목 | C27: 13 | D27: =C27 -> 13 | E27: 8 | F27: 5 | G27: =E27+F27 -> 13 | I27: 출고 5 | J27: 2 | N27: 90~180 | O27: B2B | P27: =Q27+V27+X27 -> 3408 | Q27: =R27+S27+T27 -> 2272 | R27: 0 | S27: 55 | T27: 2217 | U27: =V27+W27+Y27+X27 -> 1680 | V27: 923 | W27: 3 | X27: 213 | Y27: 541 | Z27: 10
A28: 45954 | B28: 금 | C28: 13 | D28: =C28 -> 13 | E28: 8 | F28: 3 | G28: =E28+F28 -> 11 | I28: 출고 3 | P28: =Q28+V28+X28 -> 3508 | Q28: =R28+S28+T28 -> 2543 | R28: 0 | S28: 73 | T28: 2470 | U28: =V28+W28+Y28+X28 -> 1417 | V28: 946 | W28: 10 | X28: 19 | Y28: 442 | Z28: 3
A29: 45955 | B29: 토 | C29: 1 | D29: =C29 -> 1 | E29: 0 | F29: 0 | G29: =E29+F29 -> 0 | P29: =Q29+V29+X29 -> 25 | Q29: =R29+S29+T29 -> 25 | R29: 0 | S29: 0 | T29: 25 | U29: =V29+W29+Y29+X29 -> 25 | V29: 0 | W29: 0 | X29: 0 | Y29: 25 | Z29: 0
A30: 45956 | B30: 일 | C30: 1 | D30: =C30 -> 1 | E30: 0 | F30: 0 | G30: =E30+F30 -> 0 | P30: =Q30+V30+X30 -> 132 | Q30: =R30+S30+T30 -> 132 | R30: 0 | S30: 0 | T30: 132 | U30: =V30+W30+Y30+X30 -> 132 | V30: 0 | W30: 0 | X30: 0 | Y30: 132 | Z30: 0
A31: 45957 | B31: 월 | C31: 14 | D31: =C31 -> 14 | E31: 8 | F31: 10 | G31: =E31+F31 -> 18 | I31: 출고 10 | J31: 12 | N31: 90~ | O31: 풀필먼트 / ops 출고 | P31: =Q31+V31+X31 -> 6176 | Q31: =R31+S31+T31 -> 3876 | R31: 0 | S31: 127 | T31: 3749 | U31: =V31+W31+Y31+X31 -> 3083 | V31: 2243 | W31: 48 | X31: =9+48 -> 57 | Y31: 735 | Z31: 0
A32: 45958 | B32: 화 | C32: 14 | D32: =C32 -> 14 | E32: 8 | F32: 7 | G32: =E32+F32 -> 15 | I32: 출고 7 | P32: =Q32+V32+X32 -> 5832 | Q32: =R32+S32+T32 -> 4957 | R32: 0 | S32: 37 | T32: 4920 | U32: =V32+W32+Y32+X32 -> 2508 | V32: 866 | W32: 11 | X32: 9 | Y32: 1622 | Z32: 3
A33: 45959 | B33: 수 | C33: 13.5 | D33: =C33 -> 13.5 | E33: 8 | F33: 4 | G33: =E33+F33 -> 12 | I33: 출고 4 | P33: =Q33+V33+X33 -> 5622 | Q33: =R33+S33+T33 -> 4817 | R33: 0 | S33: 175 | T33: 4642 | U33: =V33+W33+Y33+X33 -> 1414 | V33: 797 | W33: 72 | X33: 8 | Y33: 537 | Z33: 4
A34: 45960 | B34: 목 | C34: 14 | D34: =C34 -> 14 | E34: 7 | F34: 4 | G34: =E34+F34 -> 11 | I34: 출고 4 | P34: =Q34+V34+X34 -> 3568 | Q34: =R34+S34+T34 -> 2769 | R34: 0 | S34: 64 | T34: 2705 | U34: =V34+W34+Y34+X34 -> 1551 | V34: 787 | W34: 29 | X34: 12 | Y34: 723 | Z34: 6
A35: 45961 | B35: 금 | C35: 12.5 | D35: =C35 -> 12.5 | E35: 7 | F35: 4 | G35: =E35+F35 -> 11 | I35: 출고 4 | P35: =Q35+V35+X35 -> 3716 | Q35: =R35+S35+T35 -> 3046 | R35: 0 | S35: 138 | T35: 2908 | U35: =V35+W35+Y35+X35 -> 1361 | V35: 659 | W35: 64 | X35: 11 | Y35: 627 | Z35: 1
A36: 합계 | C36: =SUM(C5:C35) -> 263 | D36: =SUM(D5:D35) -> 263 | E36: =SUM(E5:E35) -> 126 | F36: =SUM(F5:F35) -> 162 | G36: =SUM(G5:G35) -> 288 | H36: =SUM(H5:H35) -> 0 | J36: =SUM(J5:J35) -> 78 | K36: =SUM(K5:K35) -> 0 | L36: =SUM(L5:L35) -> 5 | M36: =SUM(M5:M35) -> 19 | N36: =SUM(N5:N35) -> 420 | P36: =SUM(P5:P35) -> 123202 | Q36: =SUM(Q5:Q35) -> 95914 | R36: =SUM(R5:R35) -> 0 | S36: =SUM(S5:S35) -> 1723 | T36: =SUM(T5:T35) -> 94191 | U36: =SUM(U5:U35) -> 50947 | V36: =SUM(V5:V35) -> 25525 | W36: =SUM(W5:W35) -> 292 | ... AC36: =SUM(AC5:AC35) -> 0

Sheet 11월
A1: 구분 | C1: 인원 (H/C) | V1: 정규 근무 시간 (M/H) | AM1: 연장 근무 시간 (M/H) | BD1: 총 근무 시간 | BG1: 출고 물량 실적 (件)
A3: 일자 | B3: 요일 | C3: 정규직 | F3: 파트너사 | R3: TOTAL | U3: 단기 충원 사유 | V3: 정규직 | AC3: 파트너사 | AJ3: TOTAL | AM3: 정규직 | AT3: 파트너사 | BA3: TOTAL | BG3: OPS | BK3: Fulfillment (WMS)
F4: OPS | J4: Fulfillment | N4: SUM | V4: OPS | Y4: Fulfillment | AB4: 합계 | AC4: OPS | AF4: Fulfillment | AI4: 합계 | AM4: OPS | AP4: Fulfillment | AS4: 합계 | AT4: OPS | AW4: Fulfillment | AZ4: 합계
C5: OPS | D5: Fulfill | E5: 합계 | F5: 장기 (주) | G5: 단기 (주) | H5: 단기 (야) | I5: 소계 | J5: 장기 (주) | K5: 단기 (주) | L5: 단기 (야) | M5: 소계 | N5: 장기 (주) | O5: 단기 (주) | P5: 단기 (야) | Q5: 소계 | R5: OPS | S5: Fulfill | T5: 합계 | V5: 4H | W5: 8H | X5: 소계 | Y5: 4H | Z5: 8H | AA5: 소계 | AC5: 4H | AD5: 8H | AE5: 소계 | AF5: 4H | AG5: 8H | AH5: 소계 | AJ5: OPS | AK5: Fulfill | AL5: 합계 | AM5: 인원 | AN5: 소계 | AO5: 사유 | AP5: 인원 | AQ5: 소계 | AR5: 사유 | AT5: 인원 | AU5: 소계 | AV5: 사유 | AW5: 인원 | AX5: 소계 | AY5: 사유 | BA5: OPS | BB5: Fulfill | BC5: 합계 | BD5: OPS | BE5: Fulfill | BF5: 합계 | BG5: 국내 | BH5: 해외 | BI5: 일본 | BJ5: 소계 | BK5: 국내 | BL5: 해외 | BM5: 기타 -이벗 | BN5: 일본 | BO5: 소계
A6: 45962 | B6: 토 | C6: 0 | D6: 1 | E6: =C6+D6 -> 1 | F6: 0 | G6: 0 | H6: 0 | I6: =F6+G6+H6 -> 0 | J6: 0 | K6: 0 | L6: 0 | M6: =J6+K6+L6 -> 0 | N6: =F6+J6 -> 0 | O6: =G6+K6 -> 0 | P6: =H6+L6 -> 0 | Q6: =N6+O6+P6 -> 0 | R6: =C6+I6 -> 0 | S6: =D6+M6 -> 1 | T6: =R6+S6 -> 1 | V6: 0 | W6: 0 | X6: =(4*V6)+(8*W6) -> 0 | Y6: 1 | Z6: 0 | AA6: =(4*Y6)+(8*Z6) -> 4 | AB6: =X6+AA6 -> 4 | AC6: 0 | AD6: 0 | AE6: =(4*AC6)+(8*AD6) -> 0 | AF6: 0 | AG6: 0 | AH6: =(4*AF6)+(8*AG6) -> 0 | AI6: =AE6+AH6 -> 0 | AJ6: =X6+AE6 -> 0 | AK6: =AA6+AH6 -> 4 | AL6: =AB6+AI6 -> 4 | AS6: =AN6+AQ6 -> 0 | AZ6: =AU6+AX6 -> 0 | BA6: =AN6+AU6 -> 0 | BB6: =AQ6+AX6 -> 0 | BC6: =BA6+BB6 -> 0 | BD6: =AJ6+BA6 -> 0 | BE6: =AK6+BB6 -> 4 | BF6: =BD6+BE6 -> 4 | BG6: 0 | BH6: 0 | BI6: 75 | BJ6: =BG6+BH6+BI6 -> 75 | BK6: 0 | BL6: 0 | BM6: 0 | BN6: 74 | BO6: =BK6+BL6+BN6+BM6 -> 74
A7: 45963 | B7: 일 | C7: 0 | D7: 1 | E7: =C7+D7 -> 1 | F7: 0 | G7: 0 | H7: 0 | I7: =F7+G7+H7 -> 0 | J7: 0 | K7: 0 | L7: 0 | M7: =J7+K7+L7 -> 0 | N7: =F7+J7 -> 0 | O7: =G7+K7 -> 0 | P7: =H7+L7 -> 0 | Q7: =N7+O7+P7 -> 0 | R7: =C7+I7 -> 0 | S7: =D7+M7 -> 1 | T7: =R7+S7 -> 1 | V7: 0 | W7: 0 | X7: =(4*V7)+(8*W7) -> 0 | Y7: 1 | Z7: 0 | AA7: =(4*Y7)+(8*Z7) -> 4 | AB7: =X7+AA7 -> 4 | AC7: 0 | AD7: 0 | AE7: =(4*AC7)+(8*AD7) -> 0 | AF7: 0 | AG7: 0 | AH7: =(4*AF7)+(8*AG7) -> 0 | AI7: =AE7+AH7 -> 0 | AJ7: =X7+AE7 -> 0 | AK7: =AA7+AH7 -> 4 | AL7: =AB7+AI7 -> 4 | AS7: =AN7+AQ7 -> 0 | AZ7: =AU7+AX7 -> 0 | BA7: =AN7+AU7 -> 0 | BB7: =AQ7+AX7 -> 0 | BC7: =BA7+BB7 -> 0 | BD7: =AJ7+BA7 -> 0 | BE7: =AK7+BB7 -> 4 | BF7: =BD7+BE7 -> 4 | BG7: 0 | BH7: 0 | BI7: 99 | BJ7: =BG7+BH7+BI7 -> 99 | BK7: 0 | BL7: 0 | BM7: 0 | BN7: 99 | BO7: =BK7+BL7+BN7+BM7 -> 99
A8: 45964 | B8: 월 | C8: 6 | D8: 8 | E8: =C8+D8 -> 14 | F8: 2 | G8: 1 | H8: 0 | I8: =F8+G8+H8 -> 3 | J8: 4 | K8: 8 | L8: 0 | M8: =J8+K8+L8 -> 12 | N8: =F8+J8 -> 6 | O8: =G8+K8 -> 9 | P8: =H8+L8 -> 0 | Q8: =N8+O8+P8 -> 15 | R8: =C8+I8 -> 9 | S8: =D8+M8 -> 20 | T8: =R8+S8 -> 29 | U8: 메가포행사 출고작업 출고 9 | V8: 0 | W8: 6 | X8: =(4*V8)+(8*W8) -> 48 | Y8: 0 | Z8: 8 | AA8: =(4*Y8)+(8*Z8) -> 64 | AB8: =X8+AA8 -> 112 | AC8: 0 | AD8: 3 | AE8: =(4*AC8)+(8*AD8) -> 24 | AF8: 0 | AG8: 12 | AH8: =(4*AF8)+(8*AG8) -> 96 | AI8: =AE8+AH8 -> 120 | AJ8: =X8+AE8 -> 72 | AK8: =AA8+AH8 -> 160 | AL8: =AB8+AI8 -> 232 | AM8: 5 | AN8: 10.5 | AP8: 8 | AQ8: 24 | AS8: =AN8+AQ8 -> 34.5 | AT8: 4 | AU8: 8 | AW8: 11 | AX8: 22 | AZ8: =AU8+AX8 -> 30 | BA8: =AN8+AU8 -> 18.5 | BB8: =AQ8+AX8 -> 46 | BC8: =BA8+BB8 -> 64.5 | BD8: =AJ8+BA8 -> 90.5 | BE8: =AK8+BB8 -> 206 | BF8: =BD8+BE8 -> 296.5 | BG8: 0 | BH8: 87 | BI8: 5770 | BJ8: =BG8+BH8+BI8 -> 5857 | BK8: 2286 | BL8: 21 | BM8: 28 | BN8: 2009 | BO8: =BK8+BL8+BN8+BM8 -> 4344
A9: 45965 | B9: 화 | C9: 5 | D9: 8 | E9: =C9+D9 -> 13 | F9: 3 | G9: 1 | H9: 0 | I9: =F9+G9+H9 -> 4 | J9: 5 | K9: 10 | L9: 0 | M9: =J9+K9+L9 -> 15 | N9: =F9+J9 -> 8 | O9: =G9+K9 -> 11 | P9: =H9+L9 -> 0 | Q9: =N9+O9+P9 -> 19 | R9: =C9+I9 -> 9 | S9: =D9+M9 -> 23 | T9: =R9+S9 -> 32 | U9: 출고 11 | V9: 0 | W9: 5 | X9: =(4*V9)+(8*W9) -> 40 | Y9: 0 | Z9: 8 | AA9: =(4*Y9)+(8*Z9) -> 64 | AB9: =X9+AA9 -> 104 | AC9: 0 | AD9: 4 | AE9: =(4*AC9)+(8*AD9) -> 32 | AF9: 0 | AG9: 15 | AH9: =(4*AF9)+(8*AG9) -> 120 | AI9: =AE9+AH9 -> 152 | AJ9: =X9+AE9 -> 72 | AK9: =AA9+AH9 -> 184 | AL9: =AB9+AI9 -> 256 | AM9: 5 | AP9: 8 | AS9: =AN9+AQ9 -> 0 | AT9: 4 | AU9: 8 | AW9: 9 | AX9: 18 | AZ9: =AU9+AX9 -> 26 | BA9: =AN9+AU9 -> 8 | BB9: =AQ9+AX9 -> 18 | BC9: =BA9+BB9 -> 26 | BD9: =AJ9+BA9 -> 80 | BE9: =AK9+BB9 -> 202 | BF9: =BD9+BE9 -> 282 | BG9: 0 | BH9: 140 | BI9: 10350 | BJ9: =BG9+BH9+BI9 -> 10490 | BK9: 904 | BL9: 123 | BM9: 8 | BN9: 3239 | BO9: =BK9+BL9+BN9+BM9 -> 4274
A10: 45966 | B10: 수 | C10: 5 | D10: 8 | E10: =C10+D10 -> 13 | F10: 3 | G10: 5 | H10: 0 | I10: =F10+G10+H10 -> 8 | J10: 5 | K10: 9.5 | L10: 0 | M10: =J10+K10+L10 -> 14.5 | N10: =F10+J10 -> 8 | O10: =G10+K10 -> 14.5 | P10: =H10+L10 -> 0 | Q10: =N10+O10+P10 -> 22.5 | R10: =C10+I10 -> 13 | S10: =D10+M10 -> 22.5 | T10: =R10+S10 -> 35.5 | U10: 출고 13 / 라벨(태남)2 | V10: 0 | W10: 5 | X10: =(4*V10)+(8*W10) -> 40 | Y10: 0 | Z10: 8 | AA10: =(4*Y10)+(8*Z10) -> 64 | AB10: =X10+AA10 -> 104 | AC10: 0 | AD10: 8 | AE10: =(4*AC10)+(8*AD10) -> 64 | AF10: 1 | AG10: 14 | AH10: =(4*AF10)+(8*AG10) -> 116 | AI10: =AE10+AH10 -> 180 | AJ10: =X10+AE10 -> 104 | AK10: =AA10+AH10 -> 180 | AL10: =AB10+AI10 -> 284 | AM10: 5 | AP10: 8 | AS10: =AN10+AQ10 -> 0 | AT10: 4 | AU10: 8 | AW10: 9 | AX10: 18 | AZ10: =AU10+AX10 -> 26 | BA10: =AN10+AU10 -> 8 | BB10: =AQ10+AX10 -> 18 | BC10: =BA10+BB10 -> 26 | BD10: =AJ10+BA10 -> 112 | BE10: =AK10+BB10 -> 198 | BF10: =BD10+BE10 -> 310 | BG10: 0 | BH10: 404 | BI10: 11716 | BJ10: =BG10+BH10+BI10 -> 12120 | BK10: 806 | BL10: 335 | BM10: 9 | BN10: 2194 | BO10: =BK10+BL10+BN10+BM10 -> 3344
A11: 45967 | B11: 목 | C11: 5 | D11: 7 | E11: =C11+D11 -> 12 | F11: 3 | G11: 5 | H11: 0 | I11: =F11+G11+H11 -> 8 | J11: 5 | K11: 16 | L11: 0 | M11: =J11+K11+L11 -> 21 | N11: =F11+J11 -> 8 | O11: =G11+K11 -> 21 | P11: =H11+L11 -> 0 | Q11: =N11+O11+P11 -> 29 | R11: =C11+I11 -> 13 | S11: =D11+M11 -> 28 | T11: =R11+S11 -> 41 | U11: 출고 19 / 행어 부수자재 재고조사 2 | V11: 0 | W11: 5 | X11: =(4*V11)+(8*W11) -> 40 | Y11: 0 | Z11: 7 | AA11: =(4*Y11)+(8*Z11) -> 56 | AB11: =X11+AA11 -> 96 | AC11: 0 | AD11: 8 | AE11: =(4*AC11)+(8*AD11) -> 64 | AF11: 0 | AG11: 16 | AH11: =(4*AF11)+(8*AG11) -> 128 | AI11: =AE11+AH11 -> 192 | AJ11: =X11+AE11 -> 104 | AK11: =AA11+AH11 -> 184 | AL11: =AB11+AI11 -> 288 | AS11: =AN11+AQ11 -> 0 | AZ11: =AU11+AX11 -> 0 | BA11: =AN11+AU11 -> 0 | BB11: =AQ11+AX11 -> 0 | BC11: =BA11+BB11 -> 0 | BD11: =AJ11+BA11 -> 104 | BE11: =AK11+BB11 -> 184 | BF11: =BD11+BE11 -> 288 | BG11: 0 | BH11: 42 | BI11: 8255 | BJ11: =BG11+BH11+BI11 -> 8297 | BK11: 760 | BL11: 16 | BM11: 7 | BN11: 1433 | BO11: =BK11+BL11+BN11+BM11 -> 2216
A12: 45968 | B12: 금 | C12: 6 | D12: 7 | E12: =C12+D12 -> 13 | F12: 3 | G12: 3 | H12: 0 | I12: =F12+G12+H12 -> 6 | J12: 4 | K12: 8 | L12: 0 | M12: =J12+K12+L12 -> 12 | N12: =F12+J12 -> 7 | O12: =G12+K12 -> 11 | P12: =H12+L12 -> 0 | Q12: =N12+O12+P12 -> 18 | R12: =C12+I12 -> 12 | S12: =D12+M12 -> 19 | T12: =R12+S12 -> 31 | U12: 출고 11 | V12: 0 | W12: 6 | X12: =(4*V12)+(8*W12) -> 48 | Y12: 0 | Z12: 7 | AA12: =(4*Y12)+(8*Z12) -> 56 | AB12: =X12+AA12 -> 104 | AC12: 0 | AD12: 6 | AE12: =(4*AC12)+(8*AD12) -> 48 | AF12: 0 | AG12: 12 | AH12: =(4*AF12)+(8*AG12) -> 96 | AI12: =AE12+AH12 -> 144 | AJ12: =X12+AE12 -> 96 | AK12: =AA12+AH12 -> 152 | AL12: =AB12+AI12 -> 248 | AM12: 5 | AP12: 7 | AS12: =AN12+AQ12 -> 0 | AZ12: =AU12+AX12 -> 0 | BA12: =AN12+AU12 -> 0 | BB12: =AQ12+AX12 -> 0 | BC12: =BA12+BB12 -> 0 | BD12: =AJ12+BA12 -> 96 | BE12: =AK12+BB12 -> 152 | BF12: =BD12+BE12 -> 248 | BG12: 0 | BH12: 261 | BI12: 10884 | BJ12: =BG12+BH12+BI12 -> 11145 | BK12: 874 | BL12: 197 | BM12: 5 | BN12: 2448 | BO12: =BK12+BL12+BN12+BM12 -> 3524
A13: 45969 | B13: 토 | C13: 2 | D13: 5 | E13: =C13+D13 -> 7 | F13: 0 | G13: 0 | H13: 0 | I13: =F13+G13+H13 -> 0 | J13: 0 | K13: 0 | L13: 0 | M13: =J13+K13+L13 -> 0 | N13: =F13+J13 -> 0 | O13: =G13+K13 -> 0 | P13: =H13+L13 -> 0 | Q13: =N13+O13+P13 -> 0 | R13: =C13+I13 -> 2 | S13: =D13+M13 -> 5 | T13: =R13+S13 -> 7 | X13: =(4*V13)+(8*W13) -> 0 | AA13: =(4*Y13)+(8*Z13) -> 0 | AB13: =X13+AA13 -> 0 | AC13: 0 | AD13: 0 | AE13: =(4*AC13)+(8*AD13) -> 0 | AF13: 0 | AG13: 0 | AH13: =(4*AF13)+(8*AG13) -> 0 | AI13: =AE13+AH13 -> 0 | AJ13: =X13+AE13 -> 0 | AK13: =AA13+AH13 -> 0 | AL13: =AB13+AI13 -> 0 | AS13: =AN13+AQ13 -> 0 | AZ13: =AU13+AX13 -> 0 | BA13: =AN13+AU13 -> 0 | BB13: =AQ13+AX13 -> 0 | BC13: =BA13+BB13 -> 0 | BD13: =AJ13+BA13 -> 0 | BE13: =AK13+BB13 -> 0 | BF13: =BD13+BE13 -> 0 | BG13: 0 | BH13: 47 | BI13: 1247 | BJ13: =BG13+BH13+BI13 -> 1294 | BK13: 0 | BL13: 0 | BM13: 0 | BN13: 43 | BO13: =BK13+BL13+BN13+BM13 -> 43
A14: 45970 | B14: 일 | C14: 0 | D14: 1 | E14: =C14+D14 -> 1 | F14: 0 | G14: 0 | H14: 0 | I14: =F14+G14+H14 -> 0 | J14: 0 | K14: 0 | L14: 0 | M14: =J14+K14+L14 -> 0 | N14: =F14+J14 -> 0 | O14: =G14+K14 -> 0 | P14: =H14+L14 -> 0 | Q14: =N14+O14+P14 -> 0 | R14: =C14+I14 -> 0 | S14: =D14+M14 -> 1 | T14: =R14+S14 -> 1 | V14: 0 | W14: 0 | X14: =(4*V14)+(8*W14) -> 0 | Y14: 1 | Z14: 0 | AA14: =(4*Y14)+(8*Z14) -> 4 | AB14: =X14+AA14 -> 4 | AC14: 0 | AD14: 0 | AE14: =(4*AC14)+(8*AD14) -> 0 | AF14: 0 | AG14: 0 | AH14: =(4*AF14)+(8*AG14) -> 0 | AI14: =AE14+AH14 -> 0 | AJ14: =X14+AE14 -> 0 | AK14: =AA14+AH14 -> 4 | AL14: =AB14+AI14 -> 4 | AS14: =AN14+AQ14 -> 0 | AZ14: =AU14+AX14 -> 0 | BA14: =AN14+AU14 -> 0 | BB14: =AQ14+AX14 -> 0 | BC14: =BA14+BB14 -> 0 | BD14: =AJ14+BA14 -> 0 | BE14: =AK14+BB14 -> 4 | BF14: =BD14+BE14 -> 4 | BG14: 0 | BH14: 0 | BI14: 29 | BJ14: =BG14+BH14+BI14 -> 29 | BK14: 0 | BL14: 0 | BM14: 0 | BN14: 29 | BO14: =BK14+BL14+BN14+BM14 -> 29
A15: 45971 | B15: 월 | C15: 6 | D15: 8 | E15: =C15+D15 -> 14 | F15: 3 | G15: 1 | H15: 0 | I15: =F15+G15+H15 -> 4 | J15: 5 | K15: 10 | L15: 0 | M15: =J15+K15+L15 -> 15 | N15: =F15+J15 -> 8 | O15: =G15+K15 -> 11 | P15: =H15+L15 -> 0 | Q15: =N15+O15+P15 -> 19 | R15: =C15+I15 -> 10 | S15: =D15+M15 -> 23 | T15: =R15+S15 -> 33 | U15: 출고 11 | V15: 0 | W15: 6 | X15: =(4*V15)+(8*W15) -> 48 | Y15: 0 | Z15: 8 | AA15: =(4*Y15)+(8*Z15) -> 64 | AB15: =X15+AA15 -> 112 | AC15: 0 | AD15: 4 | AE15: =(4*AC15)+(8*AD15) -> 32 | AF15: 0 | AG15: 15 | AH15: =(4*AF15)+(8*AG15) -> 120 | AI15: =AE15+AH15 -> 152 | AJ15: =X15+AE15 -> 80 | AK15: =AA15+AH15 -> 184 | AL15: =AB15+AI15 -> 264 | AP15: 2 | AQ15: 2 | AS15: =AN15+AQ15 -> 2 | AZ15: =AU15+AX15 -> 0 | BA15: =AN15+AU15 -> 0 | BB15: =AQ15+AX15 -> 2 | BC15: =BA15+BB15 -> 2 | BD15: =AJ15+BA15 -> 80 | BE15: =AK15+BB15 -> 186 | BF15: =BD15+BE15 -> 266 | BG15: 0 | BH15: 30 | BI15: 5518 | BJ15: =BG15+BH15+BI15 -> 5548 | BK15: 2378 | BL15: 8 | BM15: 16 | BN15: 1665 | BO15: =BK15+BL15+BN15+BM15 -> 4067
A16: 45972 | B16: 화 | C16: 5 | D16: 7 | E16: =C16+D16 -> 12 | F16: 3 | G16: 4 | H16: 0 | I16: =F16+G16+H16 -> 7 | J16: 5 | K16: 6 | L16: 0 | M16: =J16+K16+L16 -> 11 | N16: =F16+J16 -> 8 | O16: =G16+K16 -> 10 | P16: =H16+L16 -> 0 | Q16: =N16+O16+P16 -> 18 | R16: =C16+I16 -> 12 | S16: =D16+M16 -> 18 | T16: =R16+S16 -> 30 | U16: 출고 10.5/라벨0.5(VTPL) | V16: 0 | W16: 5 | X16: =(4*V16)+(8*W16) -> 40 | Y16: 0 | Z16: 7 | AA16: =(4*Y16)+(8*Z16) -> 56 | AB16: =X16+AA16 -> 96 | AC16: 0 | AD16: 7 | AE16: =(4*AC16)+(8*AD16) -> 56 | AF16: 0 | AG16: 11 | AH16: =(4*AF16)+(8*AG16) -> 88 | AI16: =AE16+AH16 -> 144 | AJ16: =X16+AE16 -> 96 | AK16: =AA16+AH16 -> 144 | AL16: =AB16+AI16 -> 240 | AP16: 3 | AQ16: 9 | AS16: =AN16+AQ16 -> 9 | AZ16: =AU16+AX16 -> 0 | BA16: =AN16+AU16 -> 0 | BB16: =AQ16+AX16 -> 9 | BC16: =BA16+BB16 -> 9 | BD16: =AJ16+BA16 -> 96 | BE16: =AK16+BB16 -> 153 | BF16: =BD16+BE16 -> 249 | BG16: 0 | BH16: 202 | BI16: 5900 | BJ16: =BG16+BH16+BI16 -> 6102 | BK16: 902 | BL16: 79 | BM16: 47 | BN16: 1619 | BO16: =BK16+BL16+BN16+BM16 -> 2647
A17: 45973 | B17: 수 | C17: 6 | D17: 6 | E17: =C17+D17 -> 12 | F17: 3 | G17: 1 | H17: 0 | I17: =F17+G17+H17 -> 4 | J17: 5 | K17: 6 | L17: 0 | M17: =J17+K17+L17 -> 11 | N17: =F17+J17 -> 8 | O17: =G17+K17 -> 7 | P17: =H17+L17 -> 0 | Q17: =N17+O17+P17 -> 15 | R17: =C17+I17 -> 10 | S17: =D17+M17 -> 17 | T17: =R17+S17 -> 27 | U17: 출고6명.라벨1명 | V17: 0 | W17: 6 | X17: =(4*V17)+(8*W17) -> 48 | Y17: 0 | Z17: 6 | AA17: =(4*Y17)+(8*Z17) -> 48 | AB17: =X17+AA17 -> 96 | AC17: 0 | AD17: 4 | AE17: =(4*AC17)+(8*AD17) -> 32 | AF17: 0 | AG17: 11 | AH17: =(4*AF17)+(8*AG17) -> 88 | AI17: =AE17+AH17 -> 120 | AJ17: =X17+AE17 -> 80 | AK17: =AA17+AH17 -> 136 | AL17: =AB17+AI17 -> 216 | AS17: =AN17+AQ17 -> 0 | AZ17: =AU17+AX17 -> 0 | BA17: =AN17+AU17 -> 0 | BB17: =AQ17+AX17 -> 0 | BC17: =BA17+BB17 -> 0 | BD17: =AJ17+BA17 -> 80 | BE17: =AK17+BB17 -> 136 | BF17: =BD17+BE17 -> 216 | BG17: 0 | BH17: 241 | BI17: 4054 | BJ17: =BG17+BH17+BI17 -> 4295 | BK17: 836 | BL17: 157 | BM17: 26 | BN17: 668 | BO17: =BK17+BL17+BN17+BM17 -> 1687
A18: 45974 | B18: 목 | C18: 5 | D18: 8 | E18: =C18+D18 -> 13 | F18: 3 | G18: 1 | H18: 0 | I18: =F18+G18+H18 -> 4 | J18: 5 | K18: 5 | L18: 0 | M18: =J18+K18+L18 -> 10 | N18: =F18+J18 -> 8 | O18: =G18+K18 -> 6 | P18: =H18+L18 -> 0 | Q18: =N18+O18+P18 -> 14 | R18: =C18+I18 -> 9 | S18: =D18+M18 -> 18 | T18: =R18+S18 -> 27 | U18: 출고6명 | V18: 0 | W18: 5 | X18: =(4*V18)+(8*W18) -> 40 | Y18: 0 | Z18: 8 | AA18: =(4*Y18)+(8*Z18) -> 64 | AB18: =X18+AA18 -> 104 | AC18: 0 | AD18: 4 | AE18: =(4*AC18)+(8*AD18) -> 32 | AF18: 0 | AG18: 10 | AH18: =(4*AF18)+(8*AG18) -> 80 | AI18: =AE18+AH18 -> 112 | AJ18: =X18+AE18 -> 72 | AK18: =AA18+AH18 -> 144 | AL18: =AB18+AI18 -> 216 | AS18: =AN18+AQ18 -> 0 | AZ18: =AU18+AX18 -> 0 | BA18: =AN18+AU18 -> 0 | BB18: =AQ18+AX18 -> 0 | BC18: =BA18+BB18 -> 0 | BD18: =AJ18+BA18 -> 72 | BE18: =AK18+BB18 -> 144 | BF18: =BD18+BE18 -> 216 | BG18: 0 | BH18: 60 | BI18: 2575 | BJ18: =BG18+BH18+BI18 -> 2635 | BK18: 912 | BL18: 16 | BM18: 24 | BN18: 856 | BO18: =BK18+BL18+BN18+BM18 -> 1808
A19: 45975 | B19: 금 | C19: 6 | D19: 6 | E19: =C19+D19 -> 12 | F19: 3 | G19: 1 | H19: 0 | I19: =F19+G19+H19 -> 4 | J19: 5 | K19: 7 | L19: 0 | M19: =J19+K19+L19 -> 12 | N19: =F19+J19 -> 8 | O19: =G19+K19 -> 8 | P19: =H19+L19 -> 0 | Q19: =N19+O19+P19 -> 16 | R19: =C19+I19 -> 10 | S19: =D19+M19 -> 18 | T19: =R19+S19 -> 28 | U19: 출고 6명 / 라벨 2명 (태남) | V19: 0 | W19: 6 | X19: =(4*V19)+(8*W19) -> 48 | Y19: 0 | Z19: 6 | AA19: =(4*Y19)+(8*Z19) -> 48 | AB19: =X19+AA19 -> 96 | AC19: 0 | AD19: 4 | AE19: =(4*AC19)+(8*AD19) -> 32 | AF19: 0 | AG19: 12 | AH19: =(4*AF19)+(8*AG19) -> 96 | AI19: =AE19+AH19 -> 128 | AJ19: =X19+AE19 -> 80 | AK19: =AA19+AH19 -> 144 | AL19: =AB19+AI19 -> 224 | AS19: =AN19+AQ19 -> 0 | AZ19: =AU19+AX19 -> 0 | BA19: =AN19+AU19 -> 0 | BB19: =AQ19+AX19 -> 0 | BC19: =BA19+BB19 -> 0 | BD19: =AJ19+BA19 -> 80 | BE19: =AK19+BB19 -> 144 | BF19: =BD19+BE19 -> 224 | BG19: 0 | BH19: 256 | BI19: 3445 | BJ19: =BG19+BH19+BI19 -> 3701 | BK19: 842 | BL19: 168 | BM19: 11 | BN19: 1011 | BO19: =BK19+BL19+BN19+BM19 -> 2032
A20: 45976 | B20: 토 | C20: 3 | D20: 3 | E20: =C20+D20 -> 6 | F20: 0 | G20: 0 | H20: 0 | I20: =F20+G20+H20 -> 0 | J20: 0 | K20: 0 | L20: 0 | M20: =J20+K20+L20 -> 0 | N20: =F20+J20 -> 0 | O20: =G20+K20 -> 0 | P20: =H20+L20 -> 0 | Q20: =N20+O20+P20 -> 0 | R20: =C20+I20 -> 3 | S20: =D20+M20 -> 3 | T20: =R20+S20 -> 6 | U20: 재고조사 특근 | V20: 0 | W20: 3 | X20: =(4*V20)+(8*W20) -> 24 | Y20: 0 | Z20: 3 | AA20: =(4*Y20)+(8*Z20) -> 24 | AB20: =X20+AA20 -> 48 | AC20: 0 | AD20: 0 | AE20: 0 | AF20: 0 | AG20: 0 | AH20: =(4*AF20)+(8*AG20) -> 0 | AI20: =AE20+AH20 -> 0 | AJ20: =X20+AE20 -> 24 | AK20: =AA20+AH20 -> 24 | AL20: =AB20+AI20 -> 48 | AS20: =AN20+AQ20 -> 0 | AZ20: =AU20+AX20 -> 0 | BA20: =AN20+AU20 -> 0 | BB20: =AQ20+AX20 -> 0 | BC20: =BA20+BB20 -> 0 | BD20: =AJ20+BA20 -> 24 | BE20: =AK20+BB20 -> 24 | BF20: =BD20+BE20 -> 48 | BG20: 0 | BH20: 11 | BI20: 39 | BJ20: =BG20+BH20+BI20 -> 50 | BK20: 0 | BL20: 17 | BM20: 0 | BN20: 39 | BO20: =BK20+BL20+BN20+BM20 -> 56
A21: 45977 | B21: 일 | C21: 1 | D21: 0 | E21: =C21+D21 -> 1 | F21: 0 | G21: 0 | H21: 0 | I21: =F21+G21+H21 -> 0 | J21: 0 | K21: 0 | L21: 0 | M21: =J21+K21+L21 -> 0 | N21: =F21+J21 -> 0 | O21: =G21+K21 -> 0 | P21: =H21+L21 -> 0 | Q21: =N21+O21+P21 -> 0 | R21: =C21+I21 -> 1 | S21: =D21+M21 -> 0 | T21: =R21+S21 -> 1 | V21: 1 | W21: 0 | X21: =(4*V21)+(8*W21) -> 4 | Y21: 0 | Z21: 0 | AA21: =(4*Y21)+(8*Z21) -> 0 | AB21: =X21+AA21 -> 4 | AC21: 0 | AD21: 0 | AE21: 0 | AF21: 0 | AG21: 0 | AH21: =(4*AF21)+(8*AG21) -> 0 | AI21: =AE21+AH21 -> 0 | AJ21: =X21+AE21 -> 4 | AK21: =AA21+AH21 -> 0 | AL21: =AB21+AI21 -> 4 | AS21: =AN21+AQ21 -> 0 | AZ21: =AU21+AX21 -> 0 | BA21: =AN21+AU21 -> 0 | BB21: =AQ21+AX21 -> 0 | BC21: =BA21+BB21 -> 0 | BD21: =AJ21+BA21 -> 4 | BE21: =AK21+BB21 -> 0 | BF21: =BD21+BE21 -> 4 | BG21: 0 | BH21: 0 | BI21: 21 | BJ21: =BG21+BH21+BI21 -> 21 | BK21: 0 | BL21: 0 | BM21: 0 | BN21: 21 | BO21: =BK21+BL21+BN21+BM21 -> 21
A22: 45978 | B22: 월 | C22: 6 | D22: 8 | E22: =C22+D22 -> 14 | F22: 3 | G22: 1 | H22: 0 | I22: =F22+G22+H22 -> 4 | J22: 5 | K22: 14 | L22: 0 | M22: =J22+K22+L22 -> 19 | N22: =F22+J22 -> 8 | O22: =G22+K22 -> 15 | P22: =H22+L22 -> 0 | Q22: =N22+O22+P22 -> 23 | R22: =C22+I22 -> 10 | S22: =D22+M22 -> 27 | T22: =R22+S22 -> 37 | U22: 출고 13 / 임가공 2 (VTPL) | V22: 0 | W22: 6 | X22: =(4*V22)+(8*W22) -> 48 | Y22: 0 | Z22: 8 | AA22: =(4*Y22)+(8*Z22) -> 64 | AB22: =X22+AA22 -> 112 | AC22: 0 | AD22: 4 | AE22: =(4*AC22)+(8*AD22) -> 32 | AF22: 0 | AG22: 19 | AH22: =(4*AF22)+(8*AG22) -> 152 | AI22: =AE22+AH22 -> 184 | AJ22: =X22+AE22 -> 80 | AK22: =AA22+AH22 -> 216 | AL22: =AB22+AI22 -> 296 | AS22: =AN22+AQ22 -> 0 | AZ22: =AU22+AX22 -> 0 | BA22: =AN22+AU22 -> 0 | BB22: =AQ22+AX22 -> 0 | BC22: =BA22+BB22 -> 0 | BD22: =AJ22+BA22 -> 80 | BE22: =AK22+BB22 -> 216 | BF22: =BD22+BE22 -> 296 | BG22: 0 | BH22: 161 | BI22: 5236 | BJ22: =BG22+BH22+BI22 -> 5397 | BK22: 2340 | BL22: 84 | BM22: 28 | BN22: 1156 | BO22: =BK22+BL22+BN22+BM22 -> 3608
A23: 45979 | B23: 화 | C23: 5 | D23: 8 | E23: =C23+D23 -> 13 | F23: 3 | G23: 2 | H23: 0 | I23: =F23+G23+H23 -> 5 | J23: 5 | K23: 8 | L23: 0 | M23: =J23+K23+L23 -> 13 | N23: =F23+J23 -> 8 | O23: =G23+K23 -> 10 | P23: =H23+L23 -> 0 | Q23: =N23+O23+P23 -> 18 | R23: =C23+I23 -> 10 | S23: =D23+M23 -> 21 | T23: =R23+S23 -> 31 | U23: 출고 8 / 임가공 2 (VTPL) | V23: 0 | W23: 5 | X23: =(4*V23)+(8*W23) -> 40 | Y23: 0 | Z23: 8 | AA23: =(4*Y23)+(8*Z23) -> 64 | AB23: =X23+AA23 -> 104 | AC23: 0 | AD23: 5 | AE23: =(4*AC23)+(8*AD23) -> 40 | AF23: 0 | AG23: 13 | AH23: =(4*AF23)+(8*AG23) -> 104 | AI23: =AE23+AH23 -> 144 | AJ23: =X23+AE23 -> 80 | AK23: =AA23+AH23 -> 168 | AL23: =AB23+AI23 -> 248 | AP23: 2 | AQ23: 3 | AS23: =AN23+AQ23 -> 3 | AZ23: =AU23+AX23 -> 0 | BA23: =AN23+AU23 -> 0 | BB23: =AQ23+AX23 -> 3 | BC23: =BA23+BB23 -> 3 | BD23: =AJ23+BA23 -> 80 | BE23: =AK23+BB23 -> 171 | BF23: =BD23+BE23 -> 251 | BG23: 0 | BH23: 152 | BI23: 4152 | BJ23: =BG23+BH23+BI23 -> 4304 | BK23: 814 | BL23: 60 | BM23: 6 | BN23: 1567 | BO23: =BK23+BL23+BN23+BM23 -> 2447
A24: 45980 | B24: 수 | C24: 6 | D24: 8 | E24: =C24+D24 -> 14 | F24: 3 | G24: 2 | H24: 0 | I24: =F24+G24+H24 -> 5 | J24: 5 | K24: 7 | L24: 0 | M24: =J24+K24+L24 -> 12 | N24: =F24+J24 -> 8 | O24: =G24+K24 -> 9 | P24: =H24+L24 -> 0 | Q24: =N24+O24+P24 -> 17 | R24: =C24+I24 -> 11 | S24: =D24+M24 -> 20 | T24: =R24+S24 -> 31 | U24: 출고 9 | V24: 0 | W24: 6 | X24: =(4*V24)+(8*W24) -> 48 | Y24: 0 | Z24: 8 | AA24: =(4*Y24)+(8*Z24) -> 64 | AB24: =X24+AA24 -> 112 | AC24: 0 | AD24: 5 | AE24: =(4*AC24)+(8*AD24) -> 40 | AF24: 0 | AG24: 12 | AH24: =(4*AF24)+(8*AG24) -> 96 | AI24: =AE24+AH24 -> 136 | AJ24: =X24+AE24 -> 88 | AK24: =AA24+AH24 -> 160 | AL24: =AB24+AI24 -> 248 | AP24: 5 | AQ24: 10 | AR24: 선반재고실사 | AS24: =AN24+AQ24 -> 10 | AZ24: =AU24+AX24 -> 0 | BA24: =AN24+AU24 -> 0 | BB24: =AQ24+AX24 -> 10 | BC24: =BA24+BB24 -> 10 | BD24: =AJ24+BA24 -> 88 | BE24: =AK24+BB24 -> 170 | BF24: =BD24+BE24 -> 258 | BG24: 0 | BH24: 266 | BI24: 3452 | BJ24: =BG24+BH24+BI24 -> 3718 | BK24: 803 | BL24: 188 | BM24: 8 | BN24: 1209 | BO24: =BK24+BL24+BN24+BM24 -> 2208
A25: 45981 | B25: 목 | C25: 6.5 | D25: 6.5 | E25: =C25+D25 -> 13 | F25: 3 | G25: 1 | H25: 0 | I25: =F25+G25+H25 -> 4 | J25: 5 | K25: 7 | L25: 0 | M25: =J25+K25+L25 -> 12 | N25: =F25+J25 -> 8 | O25: =G25+K25 -> 8 | P25: =H25+L25 -> 0 | Q25: =N25+O25+P25 -> 16 | R25: =C25+I25 -> 10.5 | S25: =D25+M25 -> 18.5 | T25: =R25+S25 -> 29 | U25: 출고7 | V25: 1 | W25: 6 | X25: =(4*V25)+(8*W25) -> 52 | Y25: 1 | Z25: 7 | AA25: =(4*Y25)+(8*Z25) -> 60 | AB25: =X25+AA25 -> 112 | AC25: 0 | AD25: 4 | AE25: =(4*AC25)+(8*AD25) -> 32 | AF25: 0 | AG25: 12 | AH25: =(4*AF25)+(8*AG25) -> 96 | AI25: =AE25+AH25 -> 128 | AJ25: =X25+AE25 -> 84 | AK25: =AA25+AH25 -> 156 | AL25: =AB25+AI25 -> 240 | AS25: =AN25+AQ25 -> 0 | AZ25: =AU25+AX25 -> 0 | BA25: =AN25+AU25 -> 0 | BB25: =AQ25+AX25 -> 0 | BC25: =BA25+BB25 -> 0 | BD25: =AJ25+BA25 -> 84 | BE25: =AK25+BB25 -> 156 | BF25: =BD25+BE25 -> 240 | BG25: 0 | BH25: 53 | BI25: 3749 | BJ25: =BG25+BH25+BI25 -> 3802 | BK25: 971 | BL25: 6 | BM25: 7 | BN25: 1479 | BO25: =BK25+BL25+BN25+BM25 -> 2463
A26: 45982 | B26: 금 | C26: 7 | D26: 7.5 | E26: =C26+D26 -> 14.5 | F26: 3 | G26: 3 | H26: 0 | I26: =F26+G26+H26 -> 6 | J26: 5 | K26: 13 | L26: 0 | M26: =J26+K26+L26 -> 18 | N26: =F26+J26 -> 8 | O26: =G26+K26 -> 16 | P26: =H26+L26 -> 0 | Q26: =N26+O26+P26 -> 24 | R26: =C26+I26 -> 13 | S26: =D26+M26 -> 25.5 | T26: =R26+S26 -> 38.5 | U26: 출고 12 / 포테가르 선작업 4 | V26: 0 | W26: 7 | X26: =(4*V26)+(8*W26) -> 56 | Y26: 1 | Z26: 7 | AA26: =(4*Y26)+(8*Z26) -> 60 | AB26: =X26+AA26 -> 116 | AC26: 0 | AD26: 6 | AE26: =(4*AC26)+(8*AD26) -> 48 | AF26: 0 | AG26: 18 | AH26: =(4*AF26)+(8*AG26) -> 144 | AI26: =AE26+AH26 -> 192 | AJ26: =X26+AE26 -> 104 | AK26: =AA26+AH26 -> 204 | AL26: =AB26+AI26 -> 308 | AS26: =AN26+AQ26 -> 0 | AZ26: =AU26+AX26 -> 0 | BA26: =AN26+AU26 -> 0 | BB26: =AQ26+AX26 -> 0 | BC26: =BA26+BB26 -> 0 | BD26: =AJ26+BA26 -> 104 | BE26: =AK26+BB26 -> 204 | BF26: =BD26+BE26 -> 308 | BG26: 0 | BH26: 69 | BI26: 3299 | BJ26: =BG26+BH26+BI26 -> 3368 | BK26: 835 | BL26: 6 | BM26: 4 | BN26: 2021 | BO26: =BK26+BL26+BN26+BM26 -> 2866
A27: 45983 | B27: 토 | C27: 8 | D27: 7 | E27: =C27+D27 -> 15 | F27: 3 | G27: 6 | H27: 0 | I27: =F27+G27+H27 -> 9 | J27: 4 | K27: 6 | L27: 0 | M27: =J27+K27+L27 -> 10 | N27: =F27+J27 -> 7 | O27: =G27+K27 -> 12 | P27: =H27+L27 -> 0 | Q27: =N27+O27+P27 -> 19 | R27: =C27+I27 -> 17 | S27: =D27+M27 -> 17 | T27: =R27+S27 -> 34 | U27: 출고 12 | V27: 0 | W27: 7 | X27: =(4*V27)+(8*W27) -> 56 | Y27: 0 | Z27: 7 | AA27: =(4*Y27)+(8*Z27) -> 56 | AB27: =X27+AA27 -> 112 | AC27: 0 | AD27: 9 | AE27: =(4*AC27)+(8*AD27) -> 72 | AF27: 0 | AG27: 10 | AH27: =(4*AF27)+(8*AG27) -> 80 | AI27: =AE27+AH27 -> 152 | AJ27: =X27+AE27 -> 128 | AK27: =AA27+AH27 -> 136 | AL27: =AB27+AI27 -> 264 | AS27: =AN27+AQ27 -> 0 | AZ27: =AU27+AX27 -> 0 | BA27: =AN27+AU27 -> 0 | BB27: =AQ27+AX27 -> 0 | BC27: =BA27+BB27 -> 0 | BD27: =AJ27+BA27 -> 128 | BE27: =AK27+BB27 -> 136 | BF27: =BD27+BE27 -> 264 | BG27: 0 | BH27: 11 | BI27: 16115 | BJ27: =BG27+BH27+BI27 -> 16126 | BK27: 0 | BL27: 0 | BM27: 0 | BN27: 8037 | BO27: =BK27+BL27+BN27+BM27 -> 8037
A28: 45984 | B28: 일 | C28: 8 | D28: 8 | E28: =C28+D28 -> 16 | F28: 3 | G28: 11 | H28: 0 | I28: =F28+G28+H28 -> 14 | J28: 4 | K28: 22 | L28: 0 | M28: =J28+K28+L28 -> 26 | N28: =F28+J28 -> 7 | O28: =G28+K28 -> 33 | P28: =H28+L28 -> 0 | Q28: =N28+O28+P28 -> 40 | R28: =C28+I28 -> 22 | S28: =D28+M28 -> 34 | T28: =R28+S28 -> 56 | U28: 출고 32 | V28: 0 | W28: 7 | X28: =(4*V28)+(8*W28) -> 56 | Y28: 0 | Z28: 8 | AA28: =(4*Y28)+(8*Z28) -> 64 | AB28: =X28+AA28 -> 120 | AC28: 0 | AD28: 14 | AE28: =(4*AC28)+(8*AD28) -> 112 | AF28: 0 | AG28: 24 | AH28: =(4*AF28)+(8*AG28) -> 192 | AI28: =AE28+AH28 -> 304 | AJ28: =X28+AE28 -> 168 | AK28: =AA28+AH28 -> 256 | AL28: =AB28+AI28 -> 424 | AS28: =AN28+AQ28 -> 0 | AZ28: =AU28+AX28 -> 0 | BA28: =AN28+AU28 -> 0 | BB28: =AQ28+AX28 -> 0 | BC28: =BA28+BB28 -> 0 | BD28: =AJ28+BA28 -> 168 | BE28: =AK28+BB28 -> 256 | BF28: =BD28+BE28 -> 424 | BG28: 0 | BH28: 41 | BI28: 29179 | BJ28: =BG28+BH28+BI28 -> 29220 | BK28: 63 | BL28: 2 | BM28: 0 | BN28: 9013 | BO28: =BK28+BL28+BN28+BM28 -> 9078
A29: 45985 | B29: 월 | C29: 8 | D29: 8 | E29: =C29+D29 -> 16 | F29: 3 | G29: 21 | H29: 5 | I29: =F29+G29+H29 -> 29 | J29: 5 | K29: 26 | L29: 8 | M29: =J29+K29+L29 -> 39 | N29: =F29+J29 -> 8 | O29: =G29+K29 -> 47 | P29: =H29+L29 -> 13 | Q29: =N29+O29+P29 -> 68 | R29: =C29+I29 -> 37 | S29: =D29+M29 -> 47 | T29: =R29+S29 -> 84 | U29: 출고 47 / 철야 13 | V29: 0 | W29: 6 | X29: =(4*V29)+(8*W29) -> 48 | Y29: 0 | Z29: 7 | AA29: =(4*Y29)+(8*Z29) -> 56 | AB29: =X29+AA29 -> 104 | AC29: 0 | AD29: 29 | AE29: =(4*AC29)+(8*AD29) -> 232 | AF29: 0 | AG29: 39 | AH29: =(4*AF29)+(8*AG29) -> 312 | AI29: =AE29+AH29 -> 544 | AJ29: =X29+AE29 -> 280 | AK29: =AA29+AH29 -> 368 | AL29: =AB29+AI29 -> 648 | AS29: =AN29+AQ29 -> 0 | AT29: 14 | AU29: =AT29*3 -> 42 | AW29: 15 | AX29: =AW29*3 -> 45 | AZ29: =AU29+AX29 -> 87 | BA29: =AN29+AU29 -> 42 | BB29: =AQ29+AX29 -> 45 | BC29: =BA29+BB29 -> 87 | BD29: =AJ29+BA29 -> 322 | BE29: =AK29+BB29 -> 413 | BF29: =BD29+BE29 -> 735 | BG29: 0 | BH29: 22 | BI29: 27975 | BJ29: =BG29+BH29+BI29 -> 27997 | BK29: 2054 | BL29: 1 | BM29: 22 | BN29: 9470 | BO29: =BK29+BL29+BN29+BM29 -> 11547
A30: 45986 | B30: 화 | C30: 8 | D30: 8 | E30: =C30+D30 -> 16 | F30: 3 | G30: 21 | H30: 8 | I30: =F30+G30+H30 -> 32 | J30: 5 | K30: 40.5 | L30: 8 | M30: =J30+K30+L30 -> 53.5 | N30: =F30+J30 -> 8 | O30: =G30+K30 -> 61.5 | P30: =H30+L30 -> 16 | Q30: =N30+O30+P30 -> 85.5 | R30: =C30+I30 -> 40 | S30: =D30+M30 -> 61.5 | T30: =R30+S30 -> 101.5 | V30: 0 | W30: 6 | X30: =(4*V30)+(8*W30) -> 48 | Y30: 0 | Z30: 7 | AA30: =(4*Y30)+(8*Z30) -> 56 | AB30: =X30+AA30 -> 104 | AC30: 0 | AD30: 32 | AE30: =(4*AC30)+(8*AD30) -> 256 | AF30: 1 | AG30: 53.5 | AH30: =(4*AF30)+(8*AG30) -> 432 | AI30: =AE30+AH30 -> 688 | AJ30: =X30+AE30 -> 304 | AK30: =AA30+AH30 -> 488 | AL30: =AB30+AI30 -> 792 | AS30: =AN30+AQ30 -> 0 | AT30: 18 | AU30: =AT30*3 -> 54 | AW30: 18 | AX30: =AW30*3 -> 54 | AZ30: =AU30+AX30 -> 108 | BA30: =AN30+AU30 -> 54 | BB30: =AQ30+AX30 -> 54 | BC30: =BA30+BB30 -> 108 | BD30: =AJ30+BA30 -> 358 | BE30: =AK30+BB30 -> 542 | BF30: =BD30+BE30 -> 900 | BG30: 0 | BH30: 52 | BI30: 38978 | BJ30: =BG30+BH30+BI30 -> 39030 | BK30: 807 | BL30: 29 | BM30: 3 | BN30: 10620 | BO30: =BK30+BL30+BN30+BM30 -> 11459
A31: 45987 | B31: 수 | C31: 8 | D31: 7 | E31: =C31+D31 -> 15 | F31: 3 | G31: 22 | H31: 0 | I31: =F31+G31+H31 -> 25 | J31: 5 | K31: =61-22 -> 39 | L31: 0 | M31: =J31+K31+L31 -> 44 | N31: =F31+J31 -> 8 | O31: =G31+K31 -> 61 | P31: =H31+L31 -> 0 | Q31: =N31+O31+P31 -> 69 | R31: =C31+I31 -> 33 | S31: =D31+M31 -> 51 | T31: =R31+S31 -> 84 | V31: 0 | W31: 6 | X31: =(4*V31)+(8*W31) -> 48 | Y31: 0 | Z31: 7 | AA31: =(4*Y31)+(8*Z31) -> 56 | AB31: =X31+AA31 -> 104 | AC31: 0 | AD31: 25 | AE31: =(4*AC31)+(8*AD31) -> 200 | AF31: 0 | AG31: 44 | AH31: =(4*AF31)+(8*AG31) -> 352 | AI31: =AE31+AH31 -> 552 | AJ31: =X31+AE31 -> 248 | AK31: =AA31+AH31 -> 408 | AL31: =AB31+AI31 -> 656 | AS31: =AN31+AQ31 -> 0 | AT31: 20 | AU31: =AT31*3 -> 60 | AW31: 19 | AX31: =AW31*3 -> 57 | AZ31: =AU31+AX31 -> 117 | BA31: =AN31+AU31 -> 60 | BB31: =AQ31+AX31 -> 57 | BC31: =BA31+BB31 -> 117 | BD31: =AJ31+BA31 -> 308 | BE31: =AK31+BB31 -> 465 | BF31: =BD31+BE31 -> 773 | BG31: 0 | BH31: 114 | BI31: 34545 | BJ31: =BG31+BH31+BI31 -> 34659 | BK31: 814 | BL31: 21 | BM31: 8 | BN31: 9554 | BO31: =BK31+BL31+BN31+BM31 -> 10397
A32: 45988 | B32: 목 | C32: 8 | D32: 8 | E32: =C32+D32 -> 16 | F32: 3 | G32: 30 | H32: 0 | I32: =F32+G32+H32 -> 33 | J32: 5 | K32: =45-30 -> 15 | L32: 0 | M32: =J32+K32+L32 -> 20 | N32: =F32+J32 -> 8 | O32: =G32+K32 -> 45 | P32: =H32+L32 -> 0 | Q32: =N32+O32+P32 -> 53 | R32: =C32+I32 -> 41 | S32: =D32+M32 -> 28 | T32: =R32+S32 -> 69 | V32: 0 | W32: 7 | X32: =(4*V32)+(8*W32) -> 56 | Y32: 0 | Z32: 8 | AA32: =(4*Y32)+(8*Z32) -> 64 | AB32: =X32+AA32 -> 120 | AC32: 0 | AD32: 33 | AE32: =(4*AC32)+(8*AD32) -> 264 | AF32: 0 | AG32: 20 | AH32: =(4*AF32)+(8*AG32) -> 160 | AI32: =AE32+AH32 -> 424 | AJ32: =X32+AE32 -> 320 | AK32: =AA32+AH32 -> 224 | AL32: =AB32+AI32 -> 544 | AS32: =AN32+AQ32 -> 0 | AT32: 20 | AU32: =AT32*3 -> 60 | AW32: 19 | AX32: =AW32*3 -> 57 | AZ32: =AU32+AX32 -> 117 | BA32: =AN32+AU32 -> 60 | BB32: =AQ32+AX32 -> 57 | BC32: =BA32+BB32 -> 117 | BD32: =AJ32+BA32 -> 380 | BE32: =AK32+BB32 -> 281 | BF32: =BD32+BE32 -> 661 | BG32: 0 | BH32: 58 | BI32: 40695 | BJ32: =BG32+BH32+BI32 -> 40753 | BK32: 922 | BL32: 16 | BM32: 6 | BN32: 5921 | BO32: =BK32+BL32+BN32+BM32 -> 6865
A33: 45989 | B33: 금 | C33: 8 | D33: 8 | E33: =C33+D33 -> 16 | F33: 3 | G33: 14 | H33: 0 | I33: =F33+G33+H33 -> 17 | J33: 5 | K33: =45-14 -> 31 | L33: 0 | M33: =J33+K33+L33 -> 36 | N33: =F33+J33 -> 8 | O33: =G33+K33 -> 45 | P33: =H33+L33 -> 0 | Q33: =N33+O33+P33 -> 53 | R33: =C33+I33 -> 25 | S33: =D33+M33 -> 44 | T33: =R33+S33 -> 69 | V33: 0 | W33: 7 | X33: =(4*V33)+(8*W33) -> 56 | Y33: 0 | Z33: 8 | AA33: =(4*Y33)+(8*Z33) -> 64 | AB33: =X33+AA33 -> 120 | AC33: 0 | AD33: 17 | AE33: =(4*AC33)+(8*AD33) -> 136 | AF33: 0 | AG33: 36 | AH33: =(4*AF33)+(8*AG33) -> 288 | AI33: =AE33+AH33 -> 424 | AJ33: =X33+AE33 -> 192 | AK33: =AA33+AH33 -> 352 | AL33: =AB33+AI33 -> 544 | AS33: =AN33+AQ33 -> 0 | AT33: 16 | AU33: =AT33*3 -> 48 | AW33: 15 | AX33: =AW33*3 -> 45 | AZ33: =AU33+AX33 -> 93 | BA33: =AN33+AU33 -> 48 | BB33: =AQ33+AX33 -> 45 | BC33: =BA33+BB33 -> 93 | BD33: =AJ33+BA33 -> 240 | BE33: =AK33+BB33 -> 397 | BF33: =BD33+BE33 -> 637 | BG33: 0 | BH33: 45 | BI33: 29555 | BJ33: =BG33+BH33+BI33 -> 29600 | BK33: 793 | BL33: 1 | BM33: 9 | BN33: 7526 | BO33: =BK33+BL33+BN33+BM33 -> 8329
A34: 45990 | B34: 토 | C34: 8 | D34: 7.5 | E34: =C34+D34 -> 15.5 | F34: 3 | G34: 27 | H34: 0 | I34: =F34+G34+H34 -> 30 | J34: 3 | K34: 15 | L34: 0 | M34: =J34+K34+L34 -> 18 | N34: =F34+J34 -> 6 | O34: =G34+K34 -> 42 | P34: =H34+L34 -> 0 | Q34: =N34+O34+P34 -> 48 | R34: =C34+I34 -> 38 | S34: =D34+M34 -> 25.5 | T34: =R34+S34 -> 63.5 | V34: 0 | W34: 7 | X34: =(4*V34)+(8*W34) -> 56 | Y34: 1 | Z34: 7 | AA34: =(4*Y34)+(8*Z34) -> 60 | AB34: =X34+AA34 -> 116 | AC34: 0 | AD34: 30 | AE34: =(4*AC34)+(8*AD34) -> 240 | AF34: 0 | AG34: 17 | AH34: =(4*AF34)+(8*AG34) -> 136 | AI34: =AE34+AH34 -> 376 | AJ34: =X34+AE34 -> 296 | AK34: =AA34+AH34 -> 196 | AL34: =AB34+AI34 -> 492 | AS34: =AN34+AQ34 -> 0 | AZ34: =AU34+AX34 -> 0 | BA34: =AN34+AU34 -> 0 | BB34: =AQ34+AX34 -> 0 | BC34: =BA34+BB34 -> 0 | BD34: =AJ34+BA34 -> 296 | BE34: =AK34+BB34 -> 196 | BF34: =BD34+BE34 -> 492 | BG34: 0 | BH34: 95 | BI34: 28225 | BJ34: =BG34+BH34+BI34 -> 28320 | BK34: 0 | BL34: 2 | BM34: 0 | BN34: 5163 | BO34: =BK34+BL34+BN34+BM34 -> 5165
A35: 45991 | B35: 일 | C35: 8 | D35: 8 | E35: =C35+D35 -> 16 | F35: 3 | G35: =22-10 -> 12 | H35: 0 | I35: =F35+G35+H35 -> 15 | J35: 2 | K35: 9.5 | L35: 0 | M35: =J35+K35+L35 -> 11.5 | N35: =F35+J35 -> 5 | O35: =G35+K35 -> 21.5 | P35: =H35+L35 -> 0 | Q35: =N35+O35+P35 -> 26.5 | R35: =C35+I35 -> 23 | S35: =D35+M35 -> 19.5 | T35: =R35+S35 -> 42.5 | V35: 0 | W35: 7 | X35: =(4*V35)+(8*W35) -> 56 | Y35: 0 | Z35: 8 | AA35: =(4*Y35)+(8*Z35) -> 64 | AB35: =X35+AA35 -> 120 | AC35: 0 | AD35: 15 | AE35: =(4*AC35)+(8*AD35) -> 120 | AF35: 1 | AG35: 11 | AH35: =(4*AF35)+(8*AG35) -> 92 | AI35: =AE35+AH35 -> 212 | AJ35: =X35+AE35 -> 176 | AK35: =AA35+AH35 -> 156 | AL35: =AB35+AI35 -> 332 | AS35: =AN35+AQ35 -> 0 | AZ35: =AU35+AX35 -> 0 | BA35: =AN35+AU35 -> 0 | BB35: =AQ35+AX35 -> 0 | BC35: =BA35+BB35 -> 0 | BD35: =AJ35+BA35 -> 176 | BE35: =AK35+BB35 -> 156 | BF35: =BD35+BE35 -> 332 | BG35: 0 | BH35: 35 | BI35: 17019 | BJ35: =BG35+BH35+BI35 -> 17054 | BK35: 0 | BL35: 0 | BM35: 0 | BN35: 7573 | BO35: =BK35+BL35+BN35+BM35 -> 7573
BF36: Total | BG36: =SUM(BG6:BG35) -> 0 | BH36: =SUM(BH6:BH35) -> 2955 | BI36: =SUM(BI6:BI35) -> 352151 | BJ36: =SUM(BJ6:BJ35) -> 355106 | BK36: =SUM(BK6:BK35) -> 22716 | BL36: =SUM(BL6:BL35) -> 1553 | BM36: =SUM(BM6:BM35) -> 282 | BN36: =SUM(BN6:BN35) -> 97756 | BO36: =SUM(BO6:BO35) -> 122307
A38: 7명 | B38: 3명
A39: QPS | B39: 장기 파트너
A40: 김인호 | B40: 김국근
A41: 이재욱 | B41: 김희진
A42: 김태윤 | B42: 테페라
A43: 김선빈
A44: 정연주
A45: 김기형
A46: 심승룡
A48: 8명 | B48: 5명
A49: QFC | B49: 장기 파트너
A50: 채은정 | B50: 이순영
A51: 조아영 | B51: 박영애
A52: 이범준 | B52: 김민영
A53: 김인철 | B53: 정주라
A54: 오현 | B54: 김상보
A55: 정상문
A56: 배슬아
A57: 이동준

Sheet 12월
A1: 구분 | C1: 인원 (H/C) | V1: 정규 근무 시간 (M/H) | AM1: 연장 근무 시간 (M/H) | BD1: 총 근무 시간 | BG1: 출고 물량 실적 (件)
A3: 일자 | B3: 요일 | C3: 정규직 | F3: 파트너사 | R3: TOTAL | U3: 단기 충원 사유 | V3: 정규직 | AC3: 파트너사 | AJ3: TOTAL | AM3: 정규직 | AT3: 파트너사 | BA3: TOTAL | BG3: OPS | BK3: Fulfillment (WMS) | BO3: Fulfillment (이벗) | BS3: WMS + 이벗 | BT3: B2B | BU3: TOTAL (①+②+③+④)
F4: OPS | J4: Fulfillment | N4: SUM | V4: OPS | Y4: Fulfillment | AB4: 합계 | AC4: OPS | AF4: Fulfillment | AI4: 합계 | AM4: OPS | AP4: Fulfillment | AS4: 합계 | AT4: OPS | AW4: Fulfillment | AZ4: 합계
C5: OPS | D5: Fulfill | E5: 합계 | F5: 장기 (주) | G5: 단기 (주) | H5: 단기 (야) | I5: 소계 | J5: 장기 (주) | K5: 단기 (주) | L5: 단기 (야) | M5: 소계 | N5: 장기 (주) | O5: 단기 (주) | P5: 단기 (야) | Q5: 소계 | R5: OPS | S5: Fulfill | T5: 합계 | V5: 4H 인원수 | W5: 8H 인원수 | X5: 소계 | Y5: 4H 인원수 | Z5: 8H 인원수 | AA5: 소계 | AC5: 4H 인원수 | AD5: 8H 인원수 | AE5: 소계 | AF5: 4H 인원수 | AG5: 8H 인원수 | AH5: 소계 | AJ5: OPS | AK5: Fulfill | AL5: 합계 | AM5: 인원수 | AN5: 연장 시간 | AO5: 합계 시간 | AP5: 인원수 | AQ5: 연장 시간 | AR5: 합계 시간 | AT5: 인원수 | AU5: 연장 시간 | AV5: 합계 시간 | AW5: 인원수 | AX5: 연장 시간 | AY5: 합계 시간 | BA5: OPS | BB5: Fulfill | BC5: 합계 | BD5: OPS | BE5: Fulfill | BF5: 합계 | BG5: 국내 | BH5: 일본 | BI5: 기타 해외 | BJ5: 소계 ① | BK5: 국내 ② | BL5: 일본 | BM5: 기타 해외 | BN5: 소계 | BO5: 국내 ③ | BP5: 일본 | BQ5: 기타해외 ④ | BR5: 소계
A6: 45992 | B6: 월 | C6: 8 | D6: 8 | E6: =C6+D6 -> 16 | F6: 3 | G6: 14 | H6: 0 | I6: =F6+G6+H6 -> 17 | J6: 4 | K6: =38-14 -> 24 | L6: 0 | M6: =J6+K6+L6 -> 28 | N6: =F6+J6 -> 7 | O6: =G6+K6 -> 38 | P6: =H6+L6 -> 0 | Q6: =N6+O6+P6 -> 45 | R6: =C6+I6 -> 25 | S6: =D6+M6 -> 36 | T6: =R6+S6 -> 61 | V6: 0 | W6: =C6 -> 8 | X6: =(4*V6)+(8*W6) -> 64 | Y6: 0 | Z6: =D6 -> 8 | AA6: =(4*Y6)+(8*Z6) -> 64 | AB6: =X6+AA6 -> 128 | AC6: 0 | AD6: =I6 -> 17 | AE6: =(4*AC6)+(8*AD6) -> 136 | AF6: 0 | AG6: =M6 -> 28 | AH6: =(4*AF6)+(8*AG6) -> 224 | AI6: =AE6+AH6 -> 360 | AJ6: =X6+AE6 -> 200 | AK6: =AA6+AH6 -> 288 | AL6: =AJ6+AK6 -> 488 | AM6: 7 | AN6: 3 | AO6: =AM6*AN6 -> 21 | AP6: 8 | AQ6: 3 | AR6: =AP6*AQ6 -> 24 | AS6: =AO6+AR6 -> 45 | AT6: 9 | AU6: 3 | AV6: =AT6*AU6 -> 27 | AW6: 20 | AX6: 3 | AY6: =AW6*AX6 -> 60 | AZ6: =AV6+AY6 -> 87 | BA6: =AV6+AO6 -> 48 | BB6: =AY6+AR6 -> 84 | BC6: =BA6+BB6 -> 132 | BD6: =X6+AE6+AO6+AV6 -> 248 | BE6: =AA6+AH6+AR6+AY6 -> 372 | BF6: =BD6+BE6 -> 620 | BG6: 0 | BH6: 20353 | BI6: 32 | BJ6: =BG6+BH6+BI6 -> 20385 | BK6: 576 | BL6: 6055 | BM6: 1 | BN6: =BK6+BL6+BM6 -> 6632 | BO6: 1392 | BP6: 1113 | BQ6: 25 | BR6: =BQ6+BP6+BO6 -> 2530 | BS6: =BN6+BR6 -> 9162 | BT6: 4 | BU6: =BJ6+BK6+BO6+BQ6 -> 22378
A7: 45993 | B7: 화 | C7: 8 | D7: 8 | E7: =C7+D7 -> 16 | F7: 3 | G7: 9 | H7: 0 | I7: =F7+G7+H7 -> 12 | J7: 5 | K7: 15 | L7: 0 | M7: =J7+K7+L7 -> 20 | N7: =F7+J7 -> 8 | O7: =G7+K7 -> 24 | P7: =H7+L7 -> 0 | Q7: =N7+O7+P7 -> 32 | R7: =C7+I7 -> 20 | S7: =D7+M7 -> 28 | T7: =R7+S7 -> 48 | V7: 0 | W7: =C7 -> 8 | X7: =(4*V7)+(8*W7) -> 64 | Y7: 0 | Z7: =D7 -> 8 | AA7: =(4*Y7)+(8*Z7) -> 64 | AB7: =X7+AA7 -> 128 | AC7: 0 | AD7: =I7 -> 12 | AE7: =(4*AC7)+(8*AD7) -> 96 | AF7: 0 | AG7: =M7 -> 20 | AH7: =(4*AF7)+(8*AG7) -> 160 | AI7: =AE7+AH7 -> 256 | AJ7: =X7+AE7 -> 160 | AK7: =AA7+AH7 -> 224 | AL7: =AJ7+AK7 -> 384 | AM7: 7 | AN7: 3 | AO7: =AM7*AN7 -> 21 | AP7: 8 | AQ7: 3 | AR7: =AP7*AQ7 -> 24 | AS7: =AO7+AR7 -> 45 | AT7: 15 | AU7: 3 | AV7: =AT7*AU7 -> 45 | AW7: 9 | AX7: 3 | AY7: =AW7*AX7 -> 27 | AZ7: =AV7+AY7 -> 72 | BA7: =AV7+AO7 -> 66 | BB7: =AY7+AR7 -> 51 | BC7: =BA7+BB7 -> 117 | BD7: =X7+AE7+AO7+AV7 -> 226 | BE7: =AA7+AH7+AR7+AY7 -> 275 | BF7: =BD7+BE7 -> 501 | BG7: 0 | BH7: 25986 | BI7: 24 | BJ7: =BG7+BH7+BI7 -> 26010 | BK7: 251 | BL7: 4063 | BM7: 3 | BN7: =BK7+BL7+BM7 -> 4317 | BO7: 643 | BP7: 2005 | BQ7: 10 | BR7: =BQ7+BP7+BO7 -> 2658 | BS7: =BN7+BR7 -> 6975 | BT7: 2 | BU7: =BJ7+BK7+BO7+BQ7 -> 26914
A8: 45994 | B8: 수 | C8: 8 | D8: 8 | E8: =C8+D8 -> 16 | F8: 3 | G8: 19 | H8: 0 | I8: =F8+G8+H8 -> 22 | J8: 5 | K8: 21 | L8: 0 | M8: =J8+K8+L8 -> 26 | N8: =F8+J8 -> 8 | O8: =G8+K8 -> 40 | P8: =H8+L8 -> 0 | Q8: =N8+O8+P8 -> 48 | R8: =C8+I8 -> 30 | S8: =D8+M8 -> 34 | T8: =R8+S8 -> 64 | V8: 0 | W8: =C8 -> 8 | X8: =(4*V8)+(8*W8) -> 64 | Y8: 0 | Z8: =D8 -> 8 | AA8: =(4*Y8)+(8*Z8) -> 64 | AB8: =X8+AA8 -> 128 | AC8: 0 | AD8: =I8 -> 22 | AE8: =(4*AC8)+(8*AD8) -> 176 | AF8: 0 | AG8: =M8 -> 26 | AH8: =(4*AF8)+(8*AG8) -> 208 | AI8: =AE8+AH8 -> 384 | AJ8: =X8+AE8 -> 240 | AK8: =AA8+AH8 -> 272 | AL8: =AJ8+AK8 -> 512 | AM8: 7 | AN8: 3 | AO8: =AM8*AN8 -> 21 | AP8: 8 | AQ8: 3 | AR8: =AP8*AQ8 -> 24 | AS8: =AO8+AR8 -> 45 | AT8: 18 | AU8: 3 | AV8: =AT8*AU8 -> 54 | AW8: 13 | AX8: 3 | AY8: =AW8*AX8 -> 39 | AZ8: =AV8+AY8 -> 93 | BA8: =AV8+AO8 -> 75 | BB8: =AY8+AR8 -> 63 | BC8: =BA8+BB8 -> 138 | BD8: =X8+AE8+AO8+AV8 -> 315 | BE8: =AA8+AH8+AR8+AY8 -> 335 | BF8: =BD8+BE8 -> 650 | BG8: 0 | BH8: 29695 | BI8: 127 | BJ8: =BG8+BH8+BI8 -> 29822 | BK8: 365 | BL8: 8574 | BM8: 34 | BN8: =BK8+BL8+BM8 -> 8973 | BO8: 545 | BP8: 1024 | BQ8: 10 | BR8: =BQ8+BP8+BO8 -> 1579 | BS8: =BN8+BR8 -> 10552 | BT8: 6 | BU8: =BJ8+BK8+BO8+BQ8 -> 30742
A9: 45995 | B9: 목 | C9: 8 | D9: 8 | E9: =C9+D9 -> 16 | F9: 3 | G9: 18 | H9: 0 | I9: =F9+G9+H9 -> 21 | J9: 5 | K9: 18 | L9: 0 | M9: =J9+K9+L9 -> 23 | N9: =F9+J9 -> 8 | O9: =G9+K9 -> 36 | P9: =H9+L9 -> 0 | Q9: =N9+O9+P9 -> 44 | R9: =C9+I9 -> 29 | S9: =D9+M9 -> 31 | T9: =R9+S9 -> 60 | V9: 0 | W9: =C9 -> 8 | X9: =(4*V9)+(8*W9) -> 64 | Y9: 0 | Z9: =D9 -> 8 | AA9: =(4*Y9)+(8*Z9) -> 64 | AB9: =X9+AA9 -> 128 | AC9: 0 | AD9: =I9 -> 21 | AE9: =(4*AC9)+(8*AD9) -> 168 | AF9: 0 | AG9: =M9 -> 23 | AH9: =(4*AF9)+(8*AG9) -> 184 | AI9: =AE9+AH9 -> 352 | AJ9: =X9+AE9 -> 232 | AK9: =AA9+AH9 -> 248 | AL9: =AJ9+AK9 -> 480 | AM9: 7 | AN9: 3 | AO9: =AM9*AN9 -> 21 | AP9: 8 | AQ9: 3 | AR9: =AP9*AQ9 -> 24 | AS9: =AO9+AR9 -> 45 | AT9: 10 | AU9: 3 | AV9: =AT9*AU9 -> 30 | AW9: 13 | AX9: 3 | AY9: =AW9*AX9 -> 39 | AZ9: =AV9+AY9 -> 69 | BA9: =AV9+AO9 -> 51 | BB9: =AY9+AR9 -> 63 | BC9: =BA9+BB9 -> 114 | BD9: =X9+AE9+AO9+AV9 -> 283 | BE9: =AA9+AH9+AR9+AY9 -> 311 | BF9: =BD9+BE9 -> 594 | BG9: 0 | BH9: 27437 | BI9: 96 | BJ9: =BG9+BH9+BI9 -> 27533 | BK9: 235 | BL9: 8176 | BM9: 2 | BN9: =BK9+BL9+BM9 -> 8413 | BO9: 536 | BP9: 655 | BQ9: 6 | BR9: =BQ9+BP9+BO9 -> 1197 | BS9: =BN9+BR9 -> 9610 | BT9: 5 | BU9: =BJ9+BK9+BO9+BQ9 -> 28310
A10: 45996 | B10: 금 | C10: 8 | D10: 7 | E10: =C10+D10 -> 15 | F10: 2 | G10: 22 | H10: 0 | I10: =F10+G10+H10 -> 24 | J10: 4 | K10: =38-22 -> 16 | L10: 0 | M10: =J10+K10+L10 -> 20 | N10: =F10+J10 -> 6 | O10: =G10+K10 -> 38 | P10: =H10+L10 -> 0 | Q10: =N10+O10+P10 -> 44 | R10: =C10+I10 -> 32 | S10: =D10+M10 -> 27 | T10: =R10+S10 -> 59 | V10: 0 | W10: =C10 -> 8 | X10: =(4*V10)+(8*W10) -> 64 | Y10: 0 | Z10: =D10 -> 7 | AA10: =(4*Y10)+(8*Z10) -> 56 | AB10: =X10+AA10 -> 120 | AC10: 0 | AD10: =I10 -> 24 | AE10: =(4*AC10)+(8*AD10) -> 192 | AF10: 0 | AG10: =M10 -> 20 | AH10: =(4*AF10)+(8*AG10) -> 160 | AI10: =AE10+AH10 -> 352 | AJ10: =X10+AE10 -> 256 | AK10: =AA10+AH10 -> 216 | AL10: =AJ10+AK10 -> 472 | AM10: 7 | AN10: 3 | AO10: =AM10*AN10 -> 21 | AP10: 7 | AQ10: 3 | AR10: =AP10*AQ10 -> 21 | AS10: =AO10+AR10 -> 42 | AT10: 19 | AU10: 3 | AV10: =AT10*AU10 -> 57 | AW10: 10 | AX10: 3 | AY10: =AW10*AX10 -> 30 | AZ10: =AV10+AY10 -> 87 | BA10: =AV10+AO10 -> 78 | BB10: =AY10+AR10 -> 51 | BC10: =BA10+BB10 -> 129 | BD10: =X10+AE10+AO10+AV10 -> 334 | BE10: =AA10+AH10+AR10+AY10 -> 267 | BF10: =BD10+BE10 -> 601 | BG10: 0 | BH10: 38656 | BI10: 93 | BJ10: =BG10+BH10+BI10 -> 38749 | BK10: 189 | BL10: 3956 | BM10: 3 | BN10: =BK10+BL10+BM10 -> 4148 | BO10: 447 | BP10: 672 | BQ10: 2 | BR10: =BQ10+BP10+BO10 -> 1121 | BS10: =BN10+BR10 -> 5269 | BT10: 2 | BU10: =BJ10+BK10+BO10+BQ10 -> 39387
A11: 45997 | B11: 토 | C11: 7 | D11: 5 | E11: =C11+D11 -> 12 | F11: 3 | G11: 19 | H11: 0 | I11: =F11+G11+H11 -> 22 | J11: 3 | K11: 19 | L11: 0 | M11: =J11+K11+L11 -> 22 | N11: =F11+J11 -> 6 | O11: =G11+K11 -> 38 | P11: =H11+L11 -> 0 | Q11: =N11+O11+P11 -> 44 | R11: =C11+I11 -> 29 | S11: =D11+M11 -> 27 | T11: =R11+S11 -> 56 | V11: 0 | W11: =C11 -> 7 | X11: =(4*V11)+(8*W11) -> 56 | Y11: 0 | Z11: =D11 -> 5 | AA11: =(4*Y11)+(8*Z11) -> 40 | AB11: =X11+AA11 -> 96 | AC11: 0 | AD11: =I11 -> 22 | AE11: =(4*AC11)+(8*AD11) -> 176 | AF11: 0 | AG11: =M11 -> 22 | AH11: =(4*AF11)+(8*AG11) -> 176 | AI11: =AE11+AH11 -> 352 | AJ11: =X11+AE11 -> 232 | AK11: =AA11+AH11 -> 216 | AL11: =AJ11+AK11 -> 448 | AM11: 0 | AN11: 0 | AO11: =AM11*AN11 -> 0 | AP11: 0 | AQ11: 0 | AR11: =AP11*AQ11 -> 0 | AS11: =AO11+AR11 -> 0 | AT11: 0 | AU11: 0 | AV11: =AT11*AU11 -> 0 | AW11: 0 | AX11: 0 | AY11: =AW11*AX11 -> 0 | AZ11: =AV11+AY11 -> 0 | BA11: =AV11+AO11 -> 0 | BB11: =AY11+AR11 -> 0 | BC11: =BA11+BB11 -> 0 | BD11: =X11+AE11+AO11+AV11 -> 232 | BE11: =AA11+AH11+AR11+AY11 -> 216 | BF11: =BD11+BE11 -> 448 | BG11: 0 | BH11: 23960 | BI11: 44 | BJ11: =BG11+BH11+BI11 -> 24004 | BK11: 0 | BL11: 5223 | BM11: 10 | BN11: =BK11+BL11+BM11 -> 5233 | BO11: 0 | BP11: 0 | BQ11: 0 | BR11: =BQ11+BP11+BO11 -> 0 | BS11: =BN11+BR11 -> 5233 | BT11: 0 | BU11: =BJ11+BK11+BO11+BQ11 -> 24004
A12: 45998 | B12: 일 | C12: 4 | D12: 4 | E12: =C12+D12 -> 8 | F12: 3 | G12: 2 | H12: 0 | I12: =F12+G12+H12 -> 5 | J12: 2 | K12: 2 | L12: 0 | M12: =J12+K12+L12 -> 4 | N12: =F12+J12 -> 5 | O12: =G12+K12 -> 4 | P12: =H12+L12 -> 0 | Q12: =N12+O12+P12 -> 9 | R12: =C12+I12 -> 9 | S12: =D12+M12 -> 8 | T12: =R12+S12 -> 17 | V12: 0 | W12: =C12 -> 4 | X12: =(4*V12)+(8*W12) -> 32 | Y12: 0 | Z12: =D12 -> 4 | AA12: =(4*Y12)+(8*Z12) -> 32 | AB12: =X12+AA12 -> 64 | AC12: 0 | AD12: =I12 -> 5 | AE12: =(4*AC12)+(8*AD12) -> 40 | AF12: 0 | AG12: =M12 -> 4 | AH12: =(4*AF12)+(8*AG12) -> 32 | AI12: =AE12+AH12 -> 72 | AJ12: =X12+AE12 -> 72 | AK12: =AA12+AH12 -> 64 | AL12: =AJ12+AK12 -> 136 | AM12: 4 | AN12: 2 | AO12: =AM12*AN12 -> 8 | AP12: 4 | AQ12: 2 | AR12: =AP12*AQ12 -> 8 | AS12: =AO12+AR12 -> 16 | AT12: 3 | AU12: 2 | AV12: =AT12*AU12 -> 6 | AW12: 2 | AX12: 2 | AY12: =AW12*AX12 -> 4 | AZ12: =AV12+AY12 -> 10 | BA12: =AV12+AO12 -> 14 | BB12: =AY12+AR12 -> 12 | BC12: =BA12+BB12 -> 26 | BD12: =X12+AE12+AO12+AV12 -> 86 | BE12: =AA12+AH12+AR12+AY12 -> 76 | BF12: =BD12+BE12 -> 162 | BG12: 0 | BH12: 13976 | BI12: 19 | BJ12: =BG12+BH12+BI12 -> 13995 | BK12: 0 | BL12: 1301 | BM12: 13 | BN12: =BK12+BL12+BM12 -> 1314 | BO12: 0 | BP12: 0 | BQ12: 0 | BR12: =BQ12+BP12+BO12 -> 0 | BS12: =BN12+BR12 -> 1314 | BT12: 0 | BU12: =BJ12+BK12+BO12+BQ12 -> 13995
A13: 45999 | B13: 월 | C13: 6 | D13: 7 | E13: =C13+D13 -> 13 | F13: 3 | G13: 1 | H13: 0 | I13: =F13+G13+H13 -> 4 | J13: 4 | K13: 5 | L13: 0 | M13: =J13+K13+L13 -> 9 | N13: =F13+J13 -> 7 | O13: =G13+K13 -> 6 | P13: =H13+L13 -> 0 | Q13: =N13+O13+P13 -> 13 | R13: =C13+I13 -> 10 | S13: =D13+M13 -> 16 | T13: =R13+S13 -> 26 | V13: 0 | W13: =C13 -> 6 | X13: =(4*V13)+(8*W13) -> 48 | Y13: 0 | Z13: =D13 -> 7 | AA13: =(4*Y13)+(8*Z13) -> 56 | AB13: =X13+AA13 -> 104 | AC13: 0 | AD13: =I13 -> 4 | AE13: =(4*AC13)+(8*AD13) -> 32 | AF13: 0 | AG13: =M13 -> 9 | AH13: =(4*AF13)+(8*AG13) -> 72 | AI13: =AE13+AH13 -> 104 | AJ13: =X13+AE13 -> 80 | AK13: =AA13+AH13 -> 128 | AL13: =AJ13+AK13 -> 208 | AM13: 5 | AN13: 2 | AO13: =AM13*AN13 -> 10 | AP13: 6 | AQ13: 2 | AR13: =AP13*AQ13 -> 12 | AS13: =AO13+AR13 -> 22 | AT13: 4 | AU13: 2 | AV13: =AT13*AU13 -> 8 | AW13: 9 | AX13: 2 | AY13: =AW13*AX13 -> 18 | AZ13: =AV13+AY13 -> 26 | BA13: =AV13+AO13 -> 18 | BB13: =AY13+AR13 -> 30 | BC13: =BA13+BB13 -> 48 | BD13: =X13+AE13+AO13+AV13 -> 98 | BE13: =AA13+AH13+AR13+AY13 -> 158 | BF13: =BD13+BE13 -> 256 | BG13: 0 | BH13: 10917 | BI13: 21 | BJ13: =BG13+BH13+BI13 -> 10938 | BK13: 462 | BL13: 928 | BM13: 9 | BN13: =BK13+BL13+BM13 -> 1399 | BO13: 1716 | BP13: 0 | BQ13: 21 | BR13: =BQ13+BP13+BO13 -> 1737 | BS13: =BN13+BR13 -> 3136 | BT13: 5 | BU13: =BJ13+BK13+BO13+BQ13 -> 13137
A14: 46000 | B14: 화 | C14: 5 | D14: 6 | E14: =C14+D14 -> 11 | F14: 3 | G14: 15 | H14: 0 | I14: =F14+G14+H14 -> 18 | J14: 5 | K14: 12 | L14: 0 | M14: =J14+K14+L14 -> 17 | N14: =F14+J14 -> 8 | O14: =G14+K14 -> 27 | P14: =H14+L14 -> 0 | Q14: =N14+O14+P14 -> 35 | R14: =C14+I14 -> 23 | S14: =D14+M14 -> 23 | T14: =R14+S14 -> 46 | U14: 출고 27 | V14: 0 | W14: =C14 -> 5 | X14: =(4*V14)+(8*W14) -> 40 | Y14: 0 | Z14: =D14 -> 6 | AA14: =(4*Y14)+(8*Z14) -> 48 | AB14: =X14+AA14 -> 88 | AC14: 0 | AD14: =I14 -> 18 | AE14: =(4*AC14)+(8*AD14) -> 144 | AF14: 0 | AG14: =M14 -> 17 | AH14: =(4*AF14)+(8*AG14) -> 136 | AI14: =AE14+AH14 -> 280 | AJ14: =X14+AE14 -> 184 | AK14: =AA14+AH14 -> 184 | AL14: =AJ14+AK14 -> 368 | AM14: 3 | AN14: 1.5 | AO14: =AM14*AN14 -> 4.5 | AP14: 5 | AQ14: 1.5 | AR14: =AP14*AQ14 -> 7.5 | AS14: =AO14+AR14 -> 12 | AT14: 3 | AU14: 1.5 | AV14: =AT14*AU14 -> 4.5 | AW14: 3 | AX14: 1.5 | AY14: =AW14*AX14 -> 4.5 | AZ14: =AV14+AY14 -> 9 | BA14: =AV14+AO14 -> 9 | BB14: =AY14+AR14 -> 12 | BC14: =BA14+BB14 -> 21 | BD14: =X14+AE14+AO14+AV14 -> 193 | BE14: =AA14+AH14+AR14+AY14 -> 196 | BF14: =BD14+BE14 -> 389 | BG14: 0 | BH14: 12360 | BI14: 64 | BJ14: =BG14+BH14+BI14 -> 12424 | BK14: 187 | BL14: 2638 | BM14: 21 | BN14: =BK14+BL14+BM14 -> 2846 | BO14: 620 | BP14: 1256 | BQ14: 7 | BR14: =BQ14+BP14+BO14 -> 1883 | BS14: =BN14+BR14 -> 4729 | BT14: 5 | BU14: =BJ14+BK14+BO14+BQ14 -> 13238
A15: 46001 | B15: 수 | C15: 6 | D15: 6 | E15: =C15+D15 -> 12 | F15: 3 | G15: 5 | H15: 0 | I15: =F15+G15+H15 -> 8 | J15: 5 | K15: 4 | L15: 0 | M15: =J15+K15+L15 -> 9 | N15: =F15+J15 -> 8 | O15: =G15+K15 -> 9 | P15: =H15+L15 -> 0 | Q15: =N15+O15+P15 -> 17 | R15: =C15+I15 -> 14 | S15: =D15+M15 -> 15 | T15: =R15+S15 -> 29 | V15: 0 | W15: =C15 -> 6 | X15: =(4*V15)+(8*W15) -> 48 | Y15: 0 | Z15: =D15 -> 6 | AA15: =(4*Y15)+(8*Z15) -> 48 | AB15: =X15+AA15 -> 96 | AC15: 0 | AD15: =I15 -> 8 | AE15: =(4*AC15)+(8*AD15) -> 64 | AF15: 0 | AG15: =M15 -> 9 | AH15: =(4*AF15)+(8*AG15) -> 72 | AI15: =AE15+AH15 -> 136 | AJ15: =X15+AE15 -> 112 | AK15: =AA15+AH15 -> 120 | AL15: =AJ15+AK15 -> 232 | AM15: 0 | AN15: 0 | AO15: =AM15*AN15 -> 0 | AP15: 0 | AQ15: 0 | AR15: =AP15*AQ15 -> 0 | AS15: =AO15+AR15 -> 0 | AT15: 0 | AU15: 0 | AV15: =AT15*AU15 -> 0 | AW15: 0 | AX15: 0 | AY15: =AW15*AX15 -> 0 | AZ15: =AV15+AY15 -> 0 | BA15: =AV15+AO15 -> 0 | BB15: =AY15+AR15 -> 0 | BC15: =BA15+BB15 -> 0 | BD15: =X15+AE15+AO15+AV15 -> 112 | BE15: =AA15+AH15+AR15+AY15 -> 120 | BF15: =BD15+BE15 -> 232 | BG15: 0 | BH15: 7239 | BI15: 43 | BJ15: =BG15+BH15+BI15 -> 7282 | BK15: 171 | BL15: 762 | BM15: 25 | BN15: =BK15+BL15+BM15 -> 958 | BO15: 550 | BP15: 318 | BQ15: 6 | BR15: =BQ15+BP15+BO15 -> 874 | BS15: =BN15+BR15 -> 1832 | BT15: 2 | BU15: =BJ15+BK15+BO15+BQ15 -> 8009
A16: 46002 | B16: 목 | C16: 6 | D16: 6 | E16: =C16+D16 -> 12 | F16: 3 | G16: 2 | H16: 0 | I16: =F16+G16+H16 -> 5 | J16: 5 | K16: 5 | L16: 0 | M16: =J16+K16+L16 -> 10 | N16: =F16+J16 -> 8 | O16: =G16+K16 -> 7 | P16: =H16+L16 -> 0 | Q16: =N16+O16+P16 -> 15 | R16: =C16+I16 -> 11 | S16: =D16+M16 -> 16 | T16: =R16+S16 -> 27 | V16: 0 | W16: =C16 -> 6 | X16: =(4*V16)+(8*W16) -> 48 | Y16: 0 | Z16: =D16 -> 6 | AA16: =(4*Y16)+(8*Z16) -> 48 | AB16: =X16+AA16 -> 96 | AC16: 0 | AD16: =I16 -> 5 | AE16: =(4*AC16)+(8*AD16) -> 40 | AF16: 0 | AG16: =M16 -> 10 | AH16: =(4*AF16)+(8*AG16) -> 80 | AI16: =AE16+AH16 -> 120 | AJ16: =X16+AE16 -> 88 | AK16: =AA16+AH16 -> 128 | AL16: =AJ16+AK16 -> 216 | AM16: 3 | AN16: 1.5 | AO16: =AM16*AN16 -> 4.5 | AP16: 4 | AQ16: 1.5 | AR16: =AP16*AQ16 -> 6 | AS16: =AO16+AR16 -> 10.5 | AT16: 0 | AU16: 0 | AV16: =AT16*AU16 -> 0 | AW16: 0 | AX16: 0 | AY16: =AW16*AX16 -> 0 | AZ16: =AV16+AY16 -> 0 | BA16: =AV16+AO16 -> 4.5 | BB16: =AY16+AR16 -> 6 | BC16: =BA16+BB16 -> 10.5 | BD16: =X16+AE16+AO16+AV16 -> 92.5 | BE16: =AA16+AH16+AR16+AY16 -> 134 | BF16: =BD16+BE16 -> 226.5 | BG16: 0 | BH16: 4431 | BI16: 25 | BJ16: =BG16+BH16+BI16 -> 4456 | BK16: 183 | BL16: 604 | BM16: 7 | BN16: =BK16+BL16+BM16 -> 794 | BO16: 498 | BP16: 495 | BQ16: 5 | BR16: =BQ16+BP16+BO16 -> 998 | BS16: =BN16+BR16 -> 1792 | BT16: 2 | BU16: =BJ16+BK16+BO16+BQ16 -> 5142
A17: 46003 | B17: 금 | C17: 5 | D17: 3 | E17: =C17+D17 -> 8 | F17: 3 | G17: 3 | H17: 0 | I17: =F17+G17+H17 -> 6 | J17: 5 | K17: 4 | L17: 0 | M17: =J17+K17+L17 -> 9 | N17: =F17+J17 -> 8 | O17: =G17+K17 -> 7 | P17: =H17+L17 -> 0 | Q17: =N17+O17+P17 -> 15 | R17: =C17+I17 -> 11 | S17: =D17+M17 -> 12 | T17: =R17+S17 -> 23 | V17: 0 | W17: =C17 -> 5 | X17: =(4*V17)+(8*W17) -> 40 | Y17: 0 | Z17: =D17 -> 3 | AA17: =(4*Y17)+(8*Z17) -> 24 | AB17: =X17+AA17 -> 64 | AC17: 0 | AD17: =I17 -> 6 | AE17: =(4*AC17)+(8*AD17) -> 48 | AF17: 0 | AG17: =M17 -> 9 | AH17: =(4*AF17)+(8*AG17) -> 72 | AI17: =AE17+AH17 -> 120 | AJ17: =X17+AE17 -> 88 | AK17: =AA17+AH17 -> 96 | AL17: =AJ17+AK17 -> 184 | AM17: 0 | AN17: 0 | AO17: =AM17*AN17 -> 0 | AP17: 0 | AQ17: 0 | AR17: =AP17*AQ17 -> 0 | AS17: =AO17+AR17 -> 0 | AT17: 0 | AU17: 0 | AV17: =AT17*AU17 -> 0 | AW17: 0 | AX17: 0 | AY17: =AW17*AX17 -> 0 | AZ17: =AV17+AY17 -> 0 | BA17: =AV17+AO17 -> 0 | BB17: =AY17+AR17 -> 0 | BC17: =BA17+BB17 -> 0 | BD17: =X17+AE17+AO17+AV17 -> 88 | BE17: =AA17+AH17+AR17+AY17 -> 96 | BF17: =BD17+BE17 -> 184 | BG17: 0 | BH17: 4684 | BI17: 80 | BJ17: =BG17+BH17+BI17 -> 4764 | BK17: 197 | BL17: 721 | BM17: 11 | BN17: =BK17+BL17+BM17 -> 929 | BO17: 511 | BP17: 229 | BQ17: 22 | BR17: =BQ17+BP17+BO17 -> 762 | BS17: =BN17+BR17 -> 1691 | BT17: 5 | BU17: =BJ17+BK17+BO17+BQ17 -> 5494
A18: 46004 | B18: 토 | C18: 0 | D18: 1 | E18: =C18+D18 -> 1 | F18: 0 | G18: 0 | H18: 0 | I18: =F18+G18+H18 -> 0 | J18: 0 | K18: 0 | L18: 0 | M18: =J18+K18+L18 -> 0 | N18: =F18+J18 -> 0 | O18: =G18+K18 -> 0 | P18: =H18+L18 -> 0 | Q18: =N18+O18+P18 -> 0 | R18: =C18+I18 -> 0 | S18: =D18+M18 -> 1 | T18: =R18+S18 -> 1 | V18: 0 | W18: =C18 -> 0 | X18: =(4*V18)+(8*W18) -> 0 | Y18: 1 | Z18: 0 | AA18: =(4*Y18)+(8*Z18) -> 4 | AB18: =X18+AA18 -> 4 | AC18: 0 | AD18: =I18 -> 0 | AE18: =(4*AC18)+(8*AD18) -> 0 | AF18: 0 | AG18: =M18 -> 0 | AH18: =(4*AF18)+(8*AG18) -> 0 | AI18: =AE18+AH18 -> 0 | AJ18: =X18+AE18 -> 0 | AK18: =AA18+AH18 -> 4 | AL18: =AJ18+AK18 -> 4 | AM18: 0 | AN18: 0 | AO18: =AM18*AN18 -> 0 | AP18: 0 | AQ18: 0 | AR18: =AP18*AQ18 -> 0 | AS18: =AO18+AR18 -> 0 | AT18: 0 | AU18: 0 | AV18: =AT18*AU18 -> 0 | AW18: 0 | AX18: 0 | AY18: =AW18*AX18 -> 0 | AZ18: =AV18+AY18 -> 0 | BA18: =AV18+AO18 -> 0 | BB18: =AY18+AR18 -> 0 | BC18: =BA18+BB18 -> 0 | BD18: =X18+AE18+AO18+AV18 -> 0 | BE18: =AA18+AH18+AR18+AY18 -> 4 | BF18: =BD18+BE18 -> 4 | BG18: 0 | BH18: 51 | BI18: 0 | BJ18: =BG18+BH18+BI18 -> 51 | BK18: 0 | BL18: 50 | BM18: 0 | BN18: =BK18+BL18+BM18 -> 50 | BO18: 0 | BP18: 0 | BQ18: 0 | BR18: =BQ18+BP18+BO18 -> 0 | BS18: =BN18+BR18 -> 50 | BT18: 0 | BU18: =BJ18+BK18+BO18+BQ18 -> 51
A19: 46005 | B19: 일 | C19: 0 | D19: 1 | E19: =C19+D19 -> 1 | F19: 0 | G19: 0 | H19: 0 | I19: =F19+G19+H19 -> 0 | J19: 0 | K19: 0 | L19: 0 | M19: =J19+K19+L19 -> 0 | N19: =F19+J19 -> 0 | O19: =G19+K19 -> 0 | P19: =H19+L19 -> 0 | Q19: =N19+O19+P19 -> 0 | R19: =C19+I19 -> 0 | S19: =D19+M19 -> 1 | T19: =R19+S19 -> 1 | V19: 0 | W19: =C19 -> 0 | X19: =(4*V19)+(8*W19) -> 0 | Y19: 1 | Z19: 0 | AA19: =(4*Y19)+(8*Z19) -> 4 | AB19: =X19+AA19 -> 4 | AC19: 0 | AD19: =I19 -> 0 | AE19: =(4*AC19)+(8*AD19) -> 0 | AF19: 0 | AG19: =M19 -> 0 | AH19: =(4*AF19)+(8*AG19) -> 0 | AI19: =AE19+AH19 -> 0 | AJ19: =X19+AE19 -> 0 | AK19: =AA19+AH19 -> 4 | AL19: =AJ19+AK19 -> 4 | AM19: 0 | AN19: 0 | AO19: =AM19*AN19 -> 0 | AP19: 0 | AQ19: 0 | AR19: =AP19*AQ19 -> 0 | AS19: =AO19+AR19 -> 0 | AT19: 0 | AU19: 0 | AV19: =AT19*AU19 -> 0 | AW19: 0 | AX19: 0 | AY19: =AW19*AX19 -> 0 | AZ19: =AV19+AY19 -> 0 | BA19: =AV19+AO19 -> 0 | BB19: =AY19+AR19 -> 0 | BC19: =BA19+BB19 -> 0 | BD19: =X19+AE19+AO19+AV19 -> 0 | BE19: =AA19+AH19+AR19+AY19 -> 4 | BF19: =BD19+BE19 -> 4 | BG19: 0 | BH19: 67 | BI19: 0 | BJ19: =BG19+BH19+BI19 -> 67 | BK19: 0 | BL19: 67 | BM19: 0 | BN19: =BK19+BL19+BM19 -> 67 | BO19: 0 | BP19: 0 | BQ19: 0 | BR19: =BQ19+BP19+BO19 -> 0 | BS19: =BN19+BR19 -> 67 | BT19: 0 | BU19: =BJ19+BK19+BO19+BQ19 -> 67
A20: 46006 | B20: 월 | C20: 6 | D20: 5 | E20: =C20+D20 -> 11 | F20: 2 | G20: 2 | H20: 0 | I20: =F20+G20+H20 -> 4 | J20: 5 | K20: 12 | L20: 0 | M20: =J20+K20+L20 -> 17 | N20: =F20+J20 -> 7 | O20: =G20+K20 -> 14 | P20: =H20+L20 -> 0 | Q20: =N20+O20+P20 -> 21 | R20: =C20+I20 -> 10 | S20: =D20+M20 -> 22 | T20: =R20+S20 -> 32 | V20: 0 | W20: =C20 -> 6 | X20: =(4*V20)+(8*W20) -> 48 | Y20: 0 | Z20: =D20 -> 5 | AA20: =(4*Y20)+(8*Z20) -> 40 | AB20: =X20+AA20 -> 88 | AC20: 0 | AD20: =I20 -> 4 | AE20: =(4*AC20)+(8*AD20) -> 32 | AF20: 0 | AG20: =M20 -> 17 | AH20: =(4*AF20)+(8*AG20) -> 136 | AI20: =AE20+AH20 -> 168 | AJ20: =X20+AE20 -> 80 | AK20: =AA20+AH20 -> 176 | AL20: =AJ20+AK20 -> 256 | AM20: 0 | AN20: 0 | AO20: =AM20*AN20 -> 0 | AP20: 2 | AQ20: 1.5 | AR20: =AP20*AQ20 -> 3 | AS20: =AO20+AR20 -> 3 | AT20: 0 | AU20: 0 | AV20: =AT20*AU20 -> 0 | AW20: 0 | AX20: 0 | AY20: =AW20*AX20 -> 0 | AZ20: =AV20+AY20 -> 0 | BA20: =AV20+AO20 -> 0 | BB20: =AY20+AR20 -> 3 | BC20: =BA20+BB20 -> 3 | BD20: =X20+AE20+AO20+AV20 -> 80 | BE20: =AA20+AH20+AR20+AY20 -> 179 | BF20: =BD20+BE20 -> 259 | BG20: 0 | BH20: 4869 | BI20: 32 | BJ20: =BG20+BH20+BI20 -> 4901 | BK20: 496 | BL20: 1724 | BM20: 15 | BN20: =BK20+BL20+BM20 -> 2235 | BO20: 1604 | BP20: 256 | BQ20: 42 | BR20: =BQ20+BP20+BO20 -> 1902 | BS20: =BN20+BR20 -> 4137 | BT20: 5 | BU20: =BJ20+BK20+BO20+BQ20 -> 7043
A21: 46007 | B21: 화 | C21: 4 | D21: 7 | E21: =C21+D21 -> 11 | F21: 2 | G21: 4 | H21: 0 | I21: =F21+G21+H21 -> 6 | J21: 5 | K21: 4 | L21: 0 | M21: =J21+K21+L21 -> 9 | N21: =F21+J21 -> 7 | O21: =G21+K21 -> 8 | P21: =H21+L21 -> 0 | Q21: =N21+O21+P21 -> 15 | R21: =C21+I21 -> 10 | S21: =D21+M21 -> 16 | T21: =R21+S21 -> 26 | V21: 0 | W21: =C21 -> 4 | X21: =(4*V21)+(8*W21) -> 32 | Y21: 0 | Z21: =D21 -> 7 | AA21: =(4*Y21)+(8*Z21) -> 56 | AB21: =X21+AA21 -> 88 | AC21: 0 | AD21: =I21 -> 6 | AE21: =(4*AC21)+(8*AD21) -> 48 | AF21: 0 | AG21: =M21 -> 9 | AH21: =(4*AF21)+(8*AG21) -> 72 | AI21: =AE21+AH21 -> 120 | AJ21: =X21+AE21 -> 80 | AK21: =AA21+AH21 -> 128 | AL21: =AJ21+AK21 -> 208 | AM21: 0 | AN21: 0 | AO21: =AM21*AN21 -> 0 | AP21: 0 | AQ21: 0 | AR21: =AP21*AQ21 -> 0 | AS21: =AO21+AR21 -> 0 | AT21: 0 | AU21: 0 | AV21: =AT21*AU21 -> 0 | AW21: 0 | AX21: 0 | AY21: =AW21*AX21 -> 0 | AZ21: =AV21+AY21 -> 0 | BA21: =AV21+AO21 -> 0 | BB21: =AY21+AR21 -> 0 | BC21: =BA21+BB21 -> 0 | BD21: =X21+AE21+AO21+AV21 -> 80 | BE21: =AA21+AH21+AR21+AY21 -> 128 | BF21: =BD21+BE21 -> 208 | BG21: 0 | BH21: 5488 | BI21: 147 | BJ21: =BG21+BH21+BI21 -> 5635 | BK21: 191 | BL21: 614 | BM21: 38 | BN21: =BK21+BL21+BM21 -> 843 | BO21: 613 | BP21: 557 | BQ21: 0 | BR21: =BQ21+BP21+BO21 -> 1170 | BS21: =BN21+BR21 -> 2013 | BT21: 8 | BU21: =BJ21+BK21+BO21+BQ21 -> 6439
A22: 46008 | B22: 수 | C22: 5 | D22: 5 | E22: =C22+D22 -> 10 | F22: 3 | G22: 3 | H22: 0 | I22: =F22+G22+H22 -> 6 | J22: 5 | K22: 4 | L22: 0 | M22: =J22+K22+L22 -> 9 | N22: =F22+J22 -> 8 | O22: =G22+K22 -> 7 | P22: =H22+L22 -> 0 | Q22: =N22+O22+P22 -> 15 | R22: =C22+I22 -> 11 | S22: =D22+M22 -> 14 | T22: =R22+S22 -> 25 | V22: 0 | W22: =C22 -> 5 | X22: =(4*V22)+(8*W22) -> 40 | Y22: 0 | Z22: =D22 -> 5 | AA22: =(4*Y22)+(8*Z22) -> 40 | AB22: =X22+AA22 -> 80 | AC22: 0 | AD22: =I22 -> 6 | AE22: =(4*AC22)+(8*AD22) -> 48 | AF22: 0 | AG22: =M22 -> 9 | AH22: =(4*AF22)+(8*AG22) -> 72 | AI22: =AE22+AH22 -> 120 | AJ22: =X22+AE22 -> 88 | AK22: =AA22+AH22 -> 112 | AL22: =AJ22+AK22 -> 200 | AM22: 0 | AN22: 0 | AO22: =AM22*AN22 -> 0 | AP22: 1 | AQ22: 1.5 | AR22: =AP22*AQ22 -> 1.5 | AS22: =AO22+AR22 -> 1.5 | AT22: 0 | AU22: 0 | AV22: =AT22*AU22 -> 0 | AW22: 0 | AX22: 0 | AY22: =AW22*AX22 -> 0 | AZ22: =AV22+AY22 -> 0 | BA22: =AV22+AO22 -> 0 | BB22: =AY22+AR22 -> 1.5 | BC22: =BA22+BB22 -> 1.5 | BD22: =X22+AE22+AO22+AV22 -> 88 | BE22: =AA22+AH22+AR22+AY22 -> 113.5 | BF22: =BD22+BE22 -> 201.5 | BG22: 0 | BH22: 4479 | BI22: 25 | BJ22: =BG22+BH22+BI22 -> 4504 | BK22: 294 | BL22: 470 | BM22: 40 | BN22: =BK22+BL22+BM22 -> 804 | BO22: 598 | BP22: 151 | BQ22: 0 | BR22: =BQ22+BP22+BO22 -> 749 | BS22: =BN22+BR22 -> 1553 | BT22: 1 | BU22: =BJ22+BK22+BO22+BQ22 -> 5396
A23: 46009 | B23: 목 | C23: 4 | D23: 5 | E23: =C23+D23 -> 9 | F23: 3 | G23: 4 | H23: 0 | I23: =F23+G23+H23 -> 7 | J23: 5 | K23: 4 | L23: 0 | M23: =J23+K23+L23 -> 9 | N23: =F23+J23 -> 8 | O23: =G23+K23 -> 8 | P23: =H23+L23 -> 0 | Q23: =N23+O23+P23 -> 16 | R23: =C23+I23 -> 11 | S23: =D23+M23 -> 14 | T23: =R23+S23 -> 25 | V23: 0 | W23: =C23 -> 4 | X23: =(4*V23)+(8*W23) -> 32 | Y23: 0 | Z23: =D23 -> 5 | AA23: =(4*Y23)+(8*Z23) -> 40 | AB23: =X23+AA23 -> 72 | AC23: 0 | AD23: =I23 -> 7 | AE23: =(4*AC23)+(8*AD23) -> 56 | AF23: 0 | AG23: =M23 -> 9 | AH23: =(4*AF23)+(8*AG23) -> 72 | AI23: =AE23+AH23 -> 128 | AJ23: =X23+AE23 -> 88 | AK23: =AA23+AH23 -> 112 | AL23: =AJ23+AK23 -> 200 | AM23: 0 | AN23: 0 | AO23: =AM23*AN23 -> 0 | AP23: 1 | AQ23: 1.5 | AR23: =AP23*AQ23 -> 1.5 | AS23: =AO23+AR23 -> 1.5 | AT23: 0 | AU23: 0 | AV23: =AT23*AU23 -> 0 | AW23: 0 | AX23: 0 | AY23: =AW23*AX23 -> 0 | AZ23: =AV23+AY23 -> 0 | BA23: =AV23+AO23 -> 0 | BB23: =AY23+AR23 -> 1.5 | BC23: =BA23+BB23 -> 1.5 | BD23: =X23+AE23+AO23+AV23 -> 88 | BE23: =AA23+AH23+AR23+AY23 -> 113.5 | BF23: =BD23+BE23 -> 201.5 | BG23: 0 | BH23: 3827 | BI23: 39 | BJ23: =BG23+BH23+BI23 -> 3866 | BK23: 126 | BL23: 633 | BM23: 21 | BN23: =BK23+BL23+BM23 -> 780 | BO23: 556 | BP23: 107 | BQ23: 0 | BR23: =BQ23+BP23+BO23 -> 663 | BS23: =BN23+BR23 -> 1443 | BT23: 4 | BU23: =BJ23+BK23+BO23+BQ23 -> 4548
A24: 46010 | B24: 금 | C24: 6 | D24: 5 | E24: =C24+D24 -> 11 | F24: 3 | G24: 2 | H24: 0 | I24: =F24+G24+H24 -> 5 | J24: 4 | K24: 3 | L24: 0 | M24: =J24+K24+L24 -> 7 | N24: =F24+J24 -> 7 | O24: =G24+K24 -> 5 | P24: =H24+L24 -> 0 | Q24: =N24+O24+P24 -> 12 | R24: =C24+I24 -> 11 | S24: =D24+M24 -> 12 | T24: =R24+S24 -> 23 | V24: 0 | W24: =C24 -> 6 | X24: =(4*V24)+(8*W24) -> 48 | Y24: 1 | Z24: =D24-Y24 -> 4 | AA24: =(4*Y24)+(8*Z24) -> 36 | AB24: =X24+AA24 -> 84 | AC24: 0 | AD24: =I24 -> 5 | AE24: =(4*AC24)+(8*AD24) -> 40 | AF24: 0 | AG24: =M24 -> 7 | AH24: =(4*AF24)+(8*AG24) -> 56 | AI24: =AE24+AH24 -> 96 | AJ24: =X24+AE24 -> 88 | AK24: =AA24+AH24 -> 92 | AL24: =AJ24+AK24 -> 180 | AM24: 0 | AN24: 0 | AO24: =AM24*AN24 -> 0 | AP24: 0 | AQ24: 0 | AR24: =AP24*AQ24 -> 0 | AS24: =AO24+AR24 -> 0 | AT24: 0 | AU24: 0 | AV24: =AT24*AU24 -> 0 | AW24: 0 | AX24: 0 | AY24: =AW24*AX24 -> 0 | AZ24: =AV24+AY24 -> 0 | BA24: =AV24+AO24 -> 0 | BB24: =AY24+AR24 -> 0 | BC24: =BA24+BB24 -> 0 | BD24: =X24+AE24+AO24+AV24 -> 88 | BE24: =AA24+AH24+AR24+AY24 -> 92 | BF24: =BD24+BE24 -> 180 | BG24: 0 | BH24: 3993 | BI24: 23 | BJ24: =BG24+BH24+BI24 -> 4016 | BK24: 215 | BL24: 1284 | BM24: 30 | BN24: =BK24+BL24+BM24 -> 1529 | BO24: 547 | BP24: 95 | BQ24: 0 | BR24: =BQ24+BP24+BO24 -> 642 | BS24: =BN24+BR24 -> 2171 | BT24: 4 | BU24: =BJ24+BK24+BO24+BQ24 -> 4778
A25: 46011 | B25: 토 | C25: 0 | D25: 1 | E25: =C25+D25 -> 1 | F25: 0 | G25: 0 | H25: 0 | I25: =F25+G25+H25 -> 0 | J25: 0 | K25: 0 | L25: 0 | M25: =J25+K25+L25 -> 0 | N25: =F25+J25 -> 0 | O25: =G25+K25 -> 0 | P25: =H25+L25 -> 0 | Q25: =N25+O25+P25 -> 0 | R25: =C25+I25 -> 0 | S25: =D25+M25 -> 1 | T25: =R25+S25 -> 1 | V25: 0 | W25: =C25 -> 0 | X25: =(4*V25)+(8*W25) -> 0 | Y25: 1 | Z25: 0 | AA25: =(4*Y25)+(8*Z25) -> 4 | AB25: =X25+AA25 -> 4 | AC25: 0 | AD25: =I25 -> 0 | AE25: =(4*AC25)+(8*AD25) -> 0 | AF25: 0 | AG25: =M25 -> 0 | AH25: =(4*AF25)+(8*AG25) -> 0 | AI25: =AE25+AH25 -> 0 | AJ25: =X25+AE25 -> 0 | AK25: =AA25+AH25 -> 4 | AL25: =AJ25+AK25 -> 4 | AM25: 0 | AN25: 0 | AO25: =AM25*AN25 -> 0 | AP25: 0 | AQ25: 0 | AR25: =AP25*AQ25 -> 0 | AS25: =AO25+AR25 -> 0 | AT25: 0 | AU25: 0 | AV25: =AT25*AU25 -> 0 | AW25: 0 | AX25: 0 | AY25: =AW25*AX25 -> 0 | AZ25: =AV25+AY25 -> 0 | BA25: =AV25+AO25 -> 0 | BB25: =AY25+AR25 -> 0 | BC25: =BA25+BB25 -> 0 | BD25: =X25+AE25+AO25+AV25 -> 0 | BE25: =AA25+AH25+AR25+AY25 -> 4 | BF25: =BD25+BE25 -> 4 | BG25: 0 | BH25: 42 | BI25: 0 | BJ25: =BG25+BH25+BI25 -> 42 | BK25: 0 | BL25: 42 | BM25: 0 | BN25: =BK25+BL25+BM25 -> 42 | BO25: 0 | BP25: 0 | BQ25: 0 | BR25: =BQ25+BP25+BO25 -> 0 | BS25: =BN25+BR25 -> 42 | BT25: 0 | BU25: =BJ25+BK25+BO25+BQ25 -> 42
A26: 46012 | B26: 일 | C26: 1 | D26: 0 | E26: =C26+D26 -> 1 | F26: 0 | G26: 0 | H26: 0 | I26: =F26+G26+H26 -> 0 | J26: 0 | K26: 0 | L26: 0 | M26: =J26+K26+L26 -> 0 | N26: =F26+J26 -> 0 | O26: =G26+K26 -> 0 | P26: =H26+L26 -> 0 | Q26: =N26+O26+P26 -> 0 | R26: =C26+I26 -> 1 | S26: =D26+M26 -> 0 | T26: =R26+S26 -> 1 | V26: 1 | W26: 0 | X26: =(4*V26)+(8*W26) -> 4 | Y26: 0 | Z26: =D26 -> 0 | AA26: =(4*Y26)+(8*Z26) -> 0 | AB26: =X26+AA26 -> 4 | AC26: 0 | AD26: =I26 -> 0 | AE26: =(4*AC26)+(8*AD26) -> 0 | AF26: 0 | AG26: =M26 -> 0 | AH26: =(4*AF26)+(8*AG26) -> 0 | AI26: =AE26+AH26 -> 0 | AJ26: =X26+AE26 -> 4 | AK26: =AA26+AH26 -> 0 | AL26: =AJ26+AK26 -> 4 | AM26: 0 | AN26: 0 | AO26: =AM26*AN26 -> 0 | AP26: 0 | AQ26: 0 | AR26: =AP26*AQ26 -> 0 | AS26: =AO26+AR26 -> 0 | AT26: 0 | AU26: 0 | AV26: =AT26*AU26 -> 0 | AW26: 0 | AX26: 0 | AY26: =AW26*AX26 -> 0 | AZ26: =AV26+AY26 -> 0 | BA26: =AV26+AO26 -> 0 | BB26: =AY26+AR26 -> 0 | BC26: =BA26+BB26 -> 0 | BD26: =X26+AE26+AO26+AV26 -> 4 | BE26: =AA26+AH26+AR26+AY26 -> 0 | BF26: =BD26+BE26 -> 4 | BG26: 0 | BH26: 37 | BI26: 44 | BJ26: =BG26+BH26+BI26 -> 81 | BK26: 0 | BL26: 37 | BM26: 0 | BN26: =BK26+BL26+BM26 -> 37 | BO26: 0 | BP26: 0 | BQ26: 0 | BR26: =BQ26+BP26+BO26 -> 0 | BS26: =BN26+BR26 -> 37 | BT26: 0 | BU26: =BJ26+BK26+BO26+BQ26 -> 81
A27: 46013 | B27: 월 | C27: 5 | D27: 5 | E27: =C27+D27 -> 10 | F27: 3 | G27: 3 | H27: 0 | I27: =F27+G27+H27 -> 6 | J27: 5 | K27: 10 | L27: 0 | M27: =J27+K27+L27 -> 15 | N27: =F27+J27 -> 8 | O27: =G27+K27 -> 13 | P27: =H27+L27 -> 0 | Q27: =N27+O27+P27 -> 21 | R27: =C27+I27 -> 11 | S27: =D27+M27 -> 20 | T27: =R27+S27 -> 31 | V27: 0 | W27: =C27 -> 5 | X27: =(4*V27)+(8*W27) -> 40 | Y27: 0 | Z27: =D27 -> 5 | AA27: =(4*Y27)+(8*Z27) -> 40 | AB27: =X27+AA27 -> 80 | AC27: 0 | AD27: =I27 -> 6 | AE27: =(4*AC27)+(8*AD27) -> 48 | AF27: 0 | AG27: =M27 -> 15 | AH27: =(4*AF27)+(8*AG27) -> 120 | AI27: =AE27+AH27 -> 168 | AJ27: =X27+AE27 -> 88 | AK27: =AA27+AH27 -> 160 | AL27: =AJ27+AK27 -> 248 | AM27: 0 | AN27: 0 | AO27: =AM27*AN27 -> 0 | AP27: 0 | AQ27: 0 | AR27: =AP27*AQ27 -> 0 | AS27: =AO27+AR27 -> 0 | AT27: 0 | AU27: 0 | AV27: =AT27*AU27 -> 0 | AW27: 0 | AX27: 0 | AY27: =AW27*AX27 -> 0 | AZ27: =AV27+AY27 -> 0 | BA27: =AV27+AO27 -> 0 | BB27: =AY27+AR27 -> 0 | BC27: =BA27+BB27 -> 0 | BD27: =X27+AE27+AO27+AV27 -> 88 | BE27: =AA27+AH27+AR27+AY27 -> 160 | BF27: =BD27+BE27 -> 248 | BG27: 0 | BH27: 5340 | BI27: 13 | BJ27: =BG27+BH27+BI27 -> 5353 | BK27: 441 | BL27: 1876 | BM27: 30 | BN27: =BK27+BL27+BM27 -> 2347 | BO27: 1589 | BP27: 298 | BQ27: 0 | BR27: =BQ27+BP27+BO27 -> 1887 | BS27: =BN27+BR27 -> 4234 | BT27: 2 | BU27: =BJ27+BK27+BO27+BQ27 -> 7383
A28: 46014 | B28: 화 | C28: 5.5 | D28: 6 | E28: =C28+D28 -> 11.5 | F28: 2 | G28: 2 | H28: 0 | I28: =F28+G28+H28 -> 4 | J28: 5 | K28: 5 | L28: 0 | M28: =J28+K28+L28 -> 10 | N28: =F28+J28 -> 7 | O28: =G28+K28 -> 7 | P28: =H28+L28 -> 0 | Q28: =N28+O28+P28 -> 14 | R28: =C28+I28 -> 9.5 | S28: =D28+M28 -> 16 | T28: =R28+S28 -> 25.5 | V28: 1 | W28: 5 | X28: =(4*V28)+(8*W28) -> 44 | Y28: 0 | Z28: =D28 -> 6 | AA28: =(4*Y28)+(8*Z28) -> 48 | AB28: =X28+AA28 -> 92 | AC28: 0 | AD28: =I28 -> 4 | AE28: =(4*AC28)+(8*AD28) -> 32 | AF28: 0 | AG28: =M28 -> 10 | AH28: =(4*AF28)+(8*AG28) -> 80 | AI28: =AE28+AH28 -> 112 | AJ28: =X28+AE28 -> 76 | AK28: =AA28+AH28 -> 128 | AL28: =AJ28+AK28 -> 204 | AM28: 0 | AN28: 0 | AO28: =AM28*AN28 -> 0 | AP28: 2 | AQ28: 2.5 | AR28: =AP28*AQ28 -> 5 | AS28: =AO28+AR28 -> 5 | AT28: 0 | AU28: 0 | AV28: =AT28*AU28 -> 0 | AW28: 0 | AX28: 0 | AY28: =AW28*AX28 -> 0 | AZ28: =AV28+AY28 -> 0 | BA28: =AV28+AO28 -> 0 | BB28: =AY28+AR28 -> 5 | BC28: =BA28+BB28 -> 5 | BD28: =X28+AE28+AO28+AV28 -> 76 | BE28: =AA28+AH28+AR28+AY28 -> 133 | BF28: =BD28+BE28 -> 209 | BG28: 0 | BH28: 5293 | BI28: 7 | BJ28: =BG28+BH28+BI28 -> 5300 | BK28: 160 | BL28: 1086 | BM28: 34 | BN28: =BK28+BL28+BM28 -> 1280 | BO28: 509 | BP28: 84 | BQ28: 0 | BR28: =BQ28+BP28+BO28 -> 593 | BS28: =BN28+BR28 -> 1873 | BT28: 1 | BU28: =BJ28+BK28+BO28+BQ28 -> 5969
A29: 46015 | B29: 수 | C29: 6 | D29: 5 | E29: =C29+D29 -> 11 | F29: 2 | G29: 3 | H29: 0 | I29: =F29+G29+H29 -> 5 | J29: 5 | K29: 7 | L29: 0 | M29: =J29+K29+L29 -> 12 | N29: =F29+J29 -> 7 | O29: =G29+K29 -> 10 | P29: =H29+L29 -> 0 | Q29: =N29+O29+P29 -> 17 | R29: =C29+I29 -> 11 | S29: =D29+M29 -> 17 | T29: =R29+S29 -> 28 | V29: 0 | W29: =C29 -> 6 | X29: =(4*V29)+(8*W29) -> 48 | Y29: 0 | Z29: =D29 -> 5 | AA29: =(4*Y29)+(8*Z29) -> 40 | AB29: =X29+AA29 -> 88 | AC29: 0 | AD29: =I29 -> 5 | AE29: =(4*AC29)+(8*AD29) -> 40 | AF29: 0 | AG29: =M29 -> 12 | AH29: =(4*AF29)+(8*AG29) -> 96 | AI29: =AE29+AH29 -> 136 | AJ29: =X29+AE29 -> 88 | AK29: =AA29+AH29 -> 136 | AL29: =AJ29+AK29 -> 224 | AM29: 0 | AN29: 0 | AO29: =AM29*AN29 -> 0 | AP29: 0 | AQ29: 0 | AR29: =AP29*AQ29 -> 0 | AS29: =AO29+AR29 -> 0 | AT29: 0 | AU29: 0 | AV29: =AT29*AU29 -> 0 | AW29: 0 | AX29: 0 | AY29: =AW29*AX29 -> 0 | AZ29: =AV29+AY29 -> 0 | BA29: =AV29+AO29 -> 0 | BB29: =AY29+AR29 -> 0 | BC29: =BA29+BB29 -> 0 | BD29: =X29+AE29+AO29+AV29 -> 88 | BE29: =AA29+AH29+AR29+AY29 -> 136 | BF29: =BD29+BE29 -> 224 | BG29: 0 | BH29: 4793 | BI29: 65 | BJ29: =BG29+BH29+BI29 -> 4858 | BK29: 118 | BL29: 806 | BM29: 10 | BN29: =BK29+BL29+BM29 -> 934 | BO29: 545 | BP29: 51 | BQ29: 0 | BR29: =BQ29+BP29+BO29 -> 596 | BS29: =BN29+BR29 -> 1530 | BT29: 6 | BU29: =BJ29+BK29+BO29+BQ29 -> 5521
A30: 46016 | B30: 목 | C30: 1 | D30: 0 | E30: =C30+D30 -> 1 | F30: 0 | G30: 0 | H30: 0 | I30: =F30+G30+H30 -> 0 | J30: 0 | K30: 0 | L30: 0 | M30: =J30+K30+L30 -> 0 | N30: =F30+J30 -> 0 | O30: =G30+K30 -> 0 | P30: =H30+L30 -> 0 | Q30: =N30+O30+P30 -> 0 | R30: =C30+I30 -> 1 | S30: =D30+M30 -> 0 | T30: =R30+S30 -> 1 | V30: 1 | W30: 0 | X30: =(4*V30)+(8*W30) -> 4 | Y30: 0 | Z30: =D30 -> 0 | AA30: =(4*Y30)+(8*Z30) -> 0 | AB30: =X30+AA30 -> 4 | AC30: 0 | AD30: =I30 -> 0 | AE30: =(4*AC30)+(8*AD30) -> 0 | AF30: 0 | AG30: 0 | AH30: =(4*AF30)+(8*AG30) -> 0 | AI30: =AE30+AH30 -> 0 | AJ30: =X30+AE30 -> 4 | AK30: =AA30+AH30 -> 0 | AL30: =AJ30+AK30 -> 4 | AM30: 0 | AN30: 0 | AO30: =AM30*AN30 -> 0 | AP30: 0 | AQ30: 0 | AR30: =AP30*AQ30 -> 0 | AS30: =AO30+AR30 -> 0 | AT30: 0 | AU30: 0 | AV30: =AT30*AU30 -> 0 | AW30: 0 | AX30: 0 | AY30: =AW30*AX30 -> 0 | AZ30: =AV30+AY30 -> 0 | BA30: =AV30+AO30 -> 0 | BB30: =AY30+AR30 -> 0 | BC30: =BA30+BB30 -> 0 | BD30: =X30+AE30+AO30+AV30 -> 4 | BE30: =AA30+AH30+AR30+AY30 -> 0 | BF30: =BD30+BE30 -> 4 | BG30: 0 | BH30: 43 | BI30: 0 | BJ30: =BG30+BH30+BI30 -> 43 | BK30: 0 | BL30: 32 | BM30: 0 | BN30: =BK30+BL30+BM30 -> 32 | BO30: 0 | BP30: 0 | BQ30: 0 | BR30: =BQ30+BP30+BO30 -> 0 | BS30: =BN30+BR30 -> 32 | BT30: 0 | BU30: =BJ30+BK30+BO30+BQ30 -> 43
A31: 46017 | B31: 금 | C31: 5 | D31: 5 | E31: =C31+D31 -> 10 | F31: 3 | G31: 3 | H31: 0 | I31: =F31+G31+H31 -> 6 | J31: 2 | K31: 12 | L31: 0 | M31: =J31+K31+L31 -> 14 | N31: =F31+J31 -> 5 | O31: =G31+K31 -> 15 | P31: =H31+L31 -> 0 | Q31: =N31+O31+P31 -> 20 | R31: =C31+I31 -> 11 | S31: =D31+M31 -> 19 | T31: =R31+S31 -> 30 | V31: 0 | W31: =C31 -> 5 | X31: =(4*V31)+(8*W31) -> 40 | Y31: 0 | Z31: =D31 -> 5 | AA31: =(4*Y31)+(8*Z31) -> 40 | AB31: =X31+AA31 -> 80 | AC31: 0 | AD31: =I31 -> 6 | AE31: =(4*AC31)+(8*AD31) -> 48 | AF31: 0 | AG31: =M31 -> 14 | AH31: =(4*AF31)+(8*AG31) -> 112 | AI31: =AE31+AH31 -> 160 | AJ31: =X31+AE31 -> 88 | AK31: =AA31+AH31 -> 152 | AL31: =AJ31+AK31 -> 240 | AM31: 1 | AN31: 2 | AO31: =AM31*AN31 -> 2 | AP31: 4 | AQ31: 2.5 | AR31: =AP31*AQ31 -> 10 | AS31: =AO31+AR31 -> 12 | AT31: 2 | AU31: 2 | AV31: =AT31*AU31 -> 4 | AW31: 10 | AX31: 2 | AY31: =AW31*AX31 -> 20 | AZ31: =AV31+AY31 -> 24 | BA31: =AV31+AO31 -> 6 | BB31: =AY31+AR31 -> 30 | BC31: =BA31+BB31 -> 36 | BD31: =X31+AE31+AO31+AV31 -> 94 | BE31: =AA31+AH31+AR31+AY31 -> 182 | BF31: =BD31+BE31 -> 276 | BG31: 0 | BH31: 4456 | BI31: 5 | BJ31: =BG31+BH31+BI31 -> 4461 | BK31: 1440 | BL31: 1905 | BM31: 18 | BN31: =BK31+BL31+BM31 -> 3363 | BO31: 1 | BP31: 106 | BQ31: 0 | BR31: =BQ31+BP31+BO31 -> 107 | BS31: =BN31+BR31 -> 3470 | BT31: 2 | BU31: =BJ31+BK31+BO31+BQ31 -> 5902
A32: 46018 | B32: 토 | C32: 0 | D32: 2 | E32: =C32+D32 -> 2 | F32: 0 | G32: 0 | H32: 0 | I32: =F32+G32+H32 -> 0 | J32: 0 | K32: 0 | L32: 0 | M32: =J32+K32+L32 -> 0 | N32: =F32+J32 -> 0 | O32: =G32+K32 -> 0 | P32: =H32+L32 -> 0 | Q32: =N32+O32+P32 -> 0 | R32: =C32+I32 -> 0 | S32: =D32+M32 -> 2 | T32: =R32+S32 -> 2 | V32: 0 | W32: =C32 -> 0 | X32: =(4*V32)+(8*W32) -> 0 | Y32: 0 | Z32: =D32 -> 2 | AA32: =(4*Y32)+(8*Z32) -> 16 | AB32: =X32+AA32 -> 16 | AC32: 0 | AD32: =I32 -> 0 | AE32: =(4*AC32)+(8*AD32) -> 0 | AF32: 0 | AG32: =M32 -> 0 | AH32: =(4*AF32)+(8*AG32) -> 0 | AI32: =AE32+AH32 -> 0 | AJ32: =X32+AE32 -> 0 | AK32: =AA32+AH32 -> 16 | AL32: =AJ32+AK32 -> 16 | AM32: 0 | AN32: 0 | AO32: =AM32*AN32 -> 0 | AP32: 2 | AQ32: 7 | AR32: =AP32*AQ32 -> 14 | AS32: =AO32+AR32 -> 14 | AT32: 0 | AU32: 0 | AV32: =AT32*AU32 -> 0 | AW32: 0 | AX32: 0 | AY32: =AW32*AX32 -> 0 | AZ32: =AV32+AY32 -> 0 | BA32: =AV32+AO32 -> 0 | BB32: =AY32+AR32 -> 14 | BC32: =BA32+BB32 -> 14 | BD32: =X32+AE32+AO32+AV32 -> 0 | BE32: =AA32+AH32+AR32+AY32 -> 30 | BF32: =BD32+BE32 -> 30 | BG32: 0 | BH32: 26 | BI32: 0 | BJ32: =BG32+BH32+BI32 -> 26 | BK32: 0 | BL32: 25 | BM32: 0 | BN32: =BK32+BL32+BM32 -> 25 | BO32: 0 | BP32: 0 | BQ32: 0 | BR32: =BQ32+BP32+BO32 -> 0 | BS32: =BN32+BR32 -> 25 | BT32: 0 | BU32: =BJ32+BK32+BO32+BQ32 -> 26
A33: 46019 | B33: 일 | C33: 1 | D33: 0 | E33: =C33+D33 -> 1 | F33: 0 | G33: 0 | H33: 0 | I33: =F33+G33+H33 -> 0 | J33: 0 | K33: 0 | L33: 0 | M33: =J33+K33+L33 -> 0 | N33: =F33+J33 -> 0 | O33: =G33+K33 -> 0 | P33: =H33+L33 -> 0 | Q33: =N33+O33+P33 -> 0 | R33: =C33+I33 -> 1 | S33: =D33+M33 -> 0 | T33: =R33+S33 -> 1 | V33: 0 | W33: =C33 -> 1 | X33: =(4*V33)+(8*W33) -> 8 | Y33: 0 | Z33: =D33 -> 0 | AA33: =(4*Y33)+(8*Z33) -> 0 | AB33: =X33+AA33 -> 8 | AC33: 0 | AD33: =I33 -> 0 | AE33: =(4*AC33)+(8*AD33) -> 0 | AF33: 0 | AG33: =M33 -> 0 | AH33: =(4*AF33)+(8*AG33) -> 0 | AI33: =AE33+AH33 -> 0 | AJ33: =X33+AE33 -> 8 | AK33: =AA33+AH33 -> 0 | AL33: =AJ33+AK33 -> 8 | AM33: 0 | AN33: 0 | AO33: =AM33*AN33 -> 0 | AP33: 0 | AQ33: 0 | AR33: =AP33*AQ33 -> 0 | AS33: =AO33+AR33 -> 0 | AT33: 0 | AU33: 0 | AV33: =AT33*AU33 -> 0 | AW33: 0 | AX33: 0 | AY33: =AW33*AX33 -> 0 | AZ33: =AV33+AY33 -> 0 | BA33: =AV33+AO33 -> 0 | BB33: =AY33+AR33 -> 0 | BC33: =BA33+BB33 -> 0 | BD33: =X33+AE33+AO33+AV33 -> 8 | BE33: =AA33+AH33+AR33+AY33 -> 0 | BF33: =BD33+BE33 -> 8 | BG33: 0 | BH33: 37 | BI33: 0 | BJ33: =BG33+BH33+BI33 -> 37 | BK33: 0 | BL33: 37 | BM33: 0 | BN33: =BK33+BL33+BM33 -> 37 | BO33: 0 | BP33: 0 | BQ33: 0 | BR33: =BQ33+BP33+BO33 -> 0 | BS33: =BN33+BR33 -> 37 | BT33: 0 | BU33: =BJ33+BK33+BO33+BQ33 -> 37
A34: 46020 | B34: 월 | C34: 6 | D34: 6 | E34: =C34+D34 -> 12 | F34: 1 | G34: 5 | H34: 0 | I34: =F34+G34+H34 -> 6 | J34: 5 | K34: 14 | L34: 0 | M34: =J34+K34+L34 -> 19 | N34: =F34+J34 -> 6 | O34: =G34+K34 -> 19 | P34: =H34+L34 -> 0 | Q34: =N34+O34+P34 -> 25 | R34: =C34+I34 -> 12 | S34: =D34+M34 -> 25 | T34: =R34+S34 -> 37 | V34: 0 | W34: =C34 -> 6 | X34: =(4*V34)+(8*W34) -> 48 | Y34: 0 | Z34: =D34 -> 6 | AA34: =(4*Y34)+(8*Z34) -> 48 | AB34: =X34+AA34 -> 96 | AC34: 0 | AD34: =I34 -> 6 | AE34: =(4*AC34)+(8*AD34) -> 48 | AF34: 0 | AG34: =M34 -> 19 | AH34: =(4*AF34)+(8*AG34) -> 152 | AI34: =AE34+AH34 -> 200 | AJ34: =X34+AE34 -> 96 | AK34: =AA34+AH34 -> 200 | AL34: =AJ34+AK34 -> 296 | AM34: 5 | AN34: 2 | AO34: =AM34*AN34 -> 10 | AP34: 4 | AQ34: 2 | AR34: =AP34*AQ34 -> 8 | AS34: =AO34+AR34 -> 18 | AT34: 3 | AU34: 1.5 | AV34: =AT34*AU34 -> 4.5 | AW34: 14 | AX34: 1.5 | AY34: =AW34*AX34 -> 21 | AZ34: =AV34+AY34 -> 25.5 | BA34: =AV34+AO34 -> 14.5 | BB34: =AY34+AR34 -> 29 | BC34: =BA34+BB34 -> 43.5 | BD34: =X34+AE34+AO34+AV34 -> 110.5 | BE34: =AA34+AH34+AR34+AY34 -> 229 | BF34: =BD34+BE34 -> 339.5 | BG34: 0 | BH34: 5001 | BI34: 6 | BJ34: =BG34+BH34+BI34 -> 5007 | BK34: 2364 | BL34: 1720 | BM34: 69 | BN34: =BK34+BL34+BM34 -> 4153 | BO34: 3 | BP34: 0 | BQ34: 0 | BR34: =BQ34+BP34+BO34 -> 3 | BS34: =BN34+BR34 -> 4156 | BT34: 3 | BU34: =BJ34+BK34+BO34+BQ34 -> 7374
A35: 46021 | B35: 화 | C35: 5 | D35: 6 | E35: =C35+D35 -> 11 | F35: 3 | G35: 5 | H35: 0 | I35: =F35+G35+H35 -> 8 | J35: 5 | K35: 10 | L35: 0 | M35: =J35+K35+L35 -> 15 | N35: =F35+J35 -> 8 | O35: =G35+K35 -> 15 | P35: =H35+L35 -> 0 | Q35: =N35+O35+P35 -> 23 | R35: =C35+I35 -> 13 | S35: =D35+M35 -> 21 | T35: =R35+S35 -> 34 | V35: 0 | W35: =C35 -> 5 | X35: =(4*V35)+(8*W35) -> 40 | Y35: 0 | Z35: =D35 -> 6 | AA35: =(4*Y35)+(8*Z35) -> 48 | AB35: =X35+AA35 -> 88 | AC35: 0 | AD35: =I35 -> 8 | AE35: =(4*AC35)+(8*AD35) -> 64 | AF35: 0 | AG35: =M35 -> 15 | AH35: =(4*AF35)+(8*AG35) -> 120 | AI35: =AE35+AH35 -> 184 | AJ35: =X35+AE35 -> 104 | AK35: =AA35+AH35 -> 168 | AL35: =AJ35+AK35 -> 272 | AO35: =AM35*AN35 -> 0 | AR35: =AP35*AQ35 -> 0 | AS35: =AO35+AR35 -> 0 | AV35: =AT35*AU35 -> 0 | AY35: =AW35*AX35 -> 0 | AZ35: =AV35+AY35 -> 0 | BA35: =AV35+AO35 -> 0 | BB35: =AY35+AR35 -> 0 | BC35: =BA35+BB35 -> 0 | BD35: =X35+AE35+AO35+AV35 -> 104 | BE35: =AA35+AH35+AR35+AY35 -> 168 | BF35: =BD35+BE35 -> 272 | BG35: 0 | BH35: 5215 | BI35: 21 | BJ35: =BG35+BH35+BI35 -> 5236 | BK35: 1052 | BL35: 864 | BM35: 54 | BN35: =BK35+BL35+BM35 -> 1970 | BO35: 14 | BP35: 174 | BQ35: 0 | BR35: =BQ35+BP35+BO35 -> 188 | BS35: =BN35+BR35 -> 2158 | BT35: 5 | BU35: =BJ35+BK35+BO35+BQ35 -> 6302
A36: 46022 | B36: 수 | C36: 6 | D36: 5.5 | E36: =C36+D36 -> 11.5 | F36: 3 | G36: 2 | H36: 0 | I36: =F36+G36+H36 -> 5 | J36: 3 | K36: 7 | L36: 0 | M36: =J36+K36+L36 -> 10 | N36: =F36+J36 -> 6 | O36: =G36+K36 -> 9 | P36: =H36+L36 -> 0 | Q36: =N36+O36+P36 -> 15 | R36: =C36+I36 -> 11 | S36: =D36+M36 -> 15.5 | T36: =R36+S36 -> 26.5 | V36: 0 | W36: =C36 -> 6 | X36: =(4*V36)+(8*W36) -> 48 | Y36: 1 | Z36: 5 | AA36: =(4*Y36)+(8*Z36) -> 44 | AB36: =X36+AA36 -> 92 | AC36: 0 | AD36: =I36 -> 5 | AE36: =(4*AC36)+(8*AD36) -> 40 | AF36: 0 | AG36: =M36 -> 10 | AH36: =(4*AF36)+(8*AG36) -> 80 | AI36: =AE36+AH36 -> 120 | AJ36: =X36+AE36 -> 88 | AK36: =AA36+AH36 -> 124 | AL36: =AJ36+AK36 -> 212 | AO36: =AM36*AN36 -> 0 | AR36: =AP36*AQ36 -> 0 | AS36: =AO36+AR36 -> 0 | AV36: =AT36*AU36 -> 0 | AY36: =AW36*AX36 -> 0 | AZ36: =AV36+AY36 -> 0 | BA36: =AV36+AO36 -> 0 | BB36: =AY36+AR36 -> 0 | BC36: =BA36+BB36 -> 0 | BD36: =X36+AE36+AO36+AV36 -> 88 | BE36: =AA36+AH36+AR36+AY36 -> 124 | BF36: =BD36+BE36 -> 212 | BG36: 0 | BH36: 3258 | BI36: 164 | BJ36: =BG36+BH36+BI36 -> 3422 | BK36: 950 | BL36: 774 | BM36: 27 | BN36: =BK36+BL36+BM36 -> 1751 | BO36: 7 | BP36: 0 | BQ36: 0 | BR36: =BQ36+BP36+BO36 -> 7 | BS36: =BN36+BR36 -> 1758 | BT36: 4 | BU36: =BJ36+BK36+BO36+BQ36 -> 4379
BF37: Total | BG37: =SUM(BG6:BG36) -> 0 | BH37: =SUM(BH6:BH36) -> 276009 | BI37: =SUM(BI6:BI36) -> 1259 | BJ37: =SUM(BJ6:BJ36) -> 277268 | BK37: =SUM(BK6:BK36) -> 10663 | BL37: =SUM(BL6:BL36) -> 57047 | BM37: =SUM(BM6:BM36) -> 525 | BN37: =SUM(BN6:BN36) -> 68235 | ... BU37: =SUM(BU6:BU36) -> 302131
A39: 8명 | B39: 3명
A40: QPS | B40: 장기 파트너
A41: 김인호 | B41: 김국근
A42: 이재욱 | B42: 김희진
A43: 김태윤 | B43: 테페라
A44: 김선빈
A45: 정연주
A46: 김기형
A47: 심승룡
A48: 서우혁
A49: 7명 | B49: 5명
A50: QFC | B50: 장기 파트너
A51: 채은정 | B51: 이순영
A52: 조아영 | B52: 박영애
A53: 이범준 | B53: 김민영
A54: 김인철 | B54: 정주라
A55: 오현 | B55: 김상보
A56: 정상문
A57: 배슬아
